ISO-10303-21;
HEADER;
FILE_DESCRIPTION(('Open CASCADE Model'),'2;1');
FILE_NAME('Open CASCADE Shape Model','2026-08-15T19:31:03',('Author'),(
    'Open CASCADE'),'Open CASCADE STEP processor 7.9','Open CASCADE 7.9'
  ,'Unknown');
FILE_SCHEMA(('AUTOMOTIVE_DESIGN { 1 0 10303 214 1 1 1 1 }'));
ENDSEC;
DATA;
#1 = APPLICATION_PROTOCOL_DEFINITION('international standard',
  'automotive_design',2000,#2);
#2 = APPLICATION_CONTEXT(
  'core data for automotive mechanical design processes');
#3 = SHAPE_DEFINITION_REPRESENTATION(#4,#10);
#4 = PRODUCT_DEFINITION_SHAPE('','',#5);
#5 = PRODUCT_DEFINITION('design','',#6,#9);
#6 = PRODUCT_DEFINITION_FORMATION('','',#7);
#7 = PRODUCT('Open CASCADE STEP translator 7.9 1',
  'Open CASCADE STEP translator 7.9 1','',(#8));
#8 = PRODUCT_CONTEXT('',#2,'mechanical');
#9 = PRODUCT_DEFINITION_CONTEXT('part definition',#2,'design');
#10 = SHAPE_REPRESENTATION('',(#11,#15,#19,#23,#27,#31),#35);
#11 = AXIS2_PLACEMENT_3D('',#12,#13,#14);
#12 = CARTESIAN_POINT('',(0.,0.,0.));
#13 = DIRECTION('',(0.,0.,1.));
#14 = DIRECTION('',(1.,0.,-0.));
#15 = AXIS2_PLACEMENT_3D('',#16,#17,#18);
#16 = CARTESIAN_POINT('',(0.,0.,0.));
#17 = DIRECTION('',(0.,0.,1.));
#18 = DIRECTION('',(1.,0.,-0.));
#19 = AXIS2_PLACEMENT_3D('',#20,#21,#22);
#20 = CARTESIAN_POINT('',(0.,0.,0.));
#21 = DIRECTION('',(0.,0.,1.));
#22 = DIRECTION('',(1.,0.,-0.));
#23 = AXIS2_PLACEMENT_3D('',#24,#25,#26);
#24 = CARTESIAN_POINT('',(0.,0.,0.));
#25 = DIRECTION('',(0.,0.,1.));
#26 = DIRECTION('',(1.,0.,-0.));
#27 = AXIS2_PLACEMENT_3D('',#28,#29,#30);
#28 = CARTESIAN_POINT('',(0.,0.,0.));
#29 = DIRECTION('',(0.,0.,1.));
#30 = DIRECTION('',(1.,0.,-0.));
#31 = AXIS2_PLACEMENT_3D('',#32,#33,#34);
#32 = CARTESIAN_POINT('',(0.,0.,0.));
#33 = DIRECTION('',(0.,0.,1.));
#34 = DIRECTION('',(1.,0.,-0.));
#35 = ( GEOMETRIC_REPRESENTATION_CONTEXT(3) 
GLOBAL_UNCERTAINTY_ASSIGNED_CONTEXT((#39)) GLOBAL_UNIT_ASSIGNED_CONTEXT(
(#36,#37,#38)) REPRESENTATION_CONTEXT('Context #1',
  '3D Context with UNIT and UNCERTAINTY') );
#36 = ( LENGTH_UNIT() NAMED_UNIT(*) SI_UNIT(.MILLI.,.METRE.) );
#37 = ( NAMED_UNIT(*) PLANE_ANGLE_UNIT() SI_UNIT($,.RADIAN.) );
#38 = ( NAMED_UNIT(*) SI_UNIT($,.STERADIAN.) SOLID_ANGLE_UNIT() );
#39 = UNCERTAINTY_MEASURE_WITH_UNIT(LENGTH_MEASURE(1.E-05),#36,
  'distance_accuracy_value','confusion accuracy');
#40 = PRODUCT_RELATED_PRODUCT_CATEGORY('part',$,(#7));
#41 = SHAPE_DEFINITION_REPRESENTATION(#42,#48);
#42 = PRODUCT_DEFINITION_SHAPE('','',#43);
#43 = PRODUCT_DEFINITION('design','',#44,#47);
#44 = PRODUCT_DEFINITION_FORMATION('','',#45);
#45 = PRODUCT('Open CASCADE STEP translator 7.9 1.1',
  'Open CASCADE STEP translator 7.9 1.1','',(#46));
#46 = PRODUCT_CONTEXT('',#2,'mechanical');
#47 = PRODUCT_DEFINITION_CONTEXT('part definition',#2,'design');
#48 = ADVANCED_BREP_SHAPE_REPRESENTATION('',(#11,#49),#3495);
#49 = MANIFOLD_SOLID_BREP('',#50);
#50 = CLOSED_SHELL('',(#51,#171,#464,#514,#759,#786,#1023,#1270,#1297,
    #1324,#1331,#1386,#1436,#1486,#1541,#1591,#1641,#1715,#1760,#1807,
    #1854,#1901,#1948,#1993,#2018,#2142,#2191,#2240,#2289,#2338,#2385,
    #2479,#2504,#2726,#2918,#2975,#3145,#3192,#3285,#3312,#3339,#3366,
    #3393,#3420,#3427,#3434,#3461,#3488));
#51 = ADVANCED_FACE('',(#52),#66,.F.);
#52 = FACE_BOUND('',#53,.F.);
#53 = EDGE_LOOP('',(#54,#89,#117,#145));
#54 = ORIENTED_EDGE('',*,*,#55,.F.);
#55 = EDGE_CURVE('',#56,#58,#60,.T.);
#56 = VERTEX_POINT('',#57);
#57 = CARTESIAN_POINT('',(-90.,-54.,75.));
#58 = VERTEX_POINT('',#59);
#59 = CARTESIAN_POINT('',(-90.,54.,75.));
#60 = SURFACE_CURVE('',#61,(#65,#77),.PCURVE_S1.);
#61 = LINE('',#62,#63);
#62 = CARTESIAN_POINT('',(-90.,-60.,75.));
#63 = VECTOR('',#64,1.);
#64 = DIRECTION('',(0.,1.,0.));
#65 = PCURVE('',#66,#71);
#66 = PLANE('',#67);
#67 = AXIS2_PLACEMENT_3D('',#68,#69,#70);
#68 = CARTESIAN_POINT('',(-90.,-60.,-75.));
#69 = DIRECTION('',(1.,0.,0.));
#70 = DIRECTION('',(0.,0.,1.));
#71 = DEFINITIONAL_REPRESENTATION('',(#72),#76);
#72 = LINE('',#73,#74);
#73 = CARTESIAN_POINT('',(150.,0.));
#74 = VECTOR('',#75,1.);
#75 = DIRECTION('',(0.,-1.));
#76 = ( GEOMETRIC_REPRESENTATION_CONTEXT(2) 
PARAMETRIC_REPRESENTATION_CONTEXT() REPRESENTATION_CONTEXT('2D SPACE',''
  ) );
#77 = PCURVE('',#78,#83);
#78 = PLANE('',#79);
#79 = AXIS2_PLACEMENT_3D('',#80,#81,#82);
#80 = CARTESIAN_POINT('',(-90.,-60.,75.));
#81 = DIRECTION('',(0.,0.,1.));
#82 = DIRECTION('',(1.,0.,0.));
#83 = DEFINITIONAL_REPRESENTATION('',(#84),#88);
#84 = LINE('',#85,#86);
#85 = CARTESIAN_POINT('',(0.,0.));
#86 = VECTOR('',#87,1.);
#87 = DIRECTION('',(0.,1.));
#88 = ( GEOMETRIC_REPRESENTATION_CONTEXT(2) 
PARAMETRIC_REPRESENTATION_CONTEXT() REPRESENTATION_CONTEXT('2D SPACE',''
  ) );
#89 = ORIENTED_EDGE('',*,*,#90,.F.);
#90 = EDGE_CURVE('',#91,#56,#93,.T.);
#91 = VERTEX_POINT('',#92);
#92 = CARTESIAN_POINT('',(-90.,-54.,-75.));
#93 = SURFACE_CURVE('',#94,(#98,#105),.PCURVE_S1.);
#94 = LINE('',#95,#96);
#95 = CARTESIAN_POINT('',(-90.,-54.,-75.));
#96 = VECTOR('',#97,1.);
#97 = DIRECTION('',(0.,0.,1.));
#98 = PCURVE('',#66,#99);
#99 = DEFINITIONAL_REPRESENTATION('',(#100),#104);
#100 = LINE('',#101,#102);
#101 = CARTESIAN_POINT('',(0.,-6.));
#102 = VECTOR('',#103,1.);
#103 = DIRECTION('',(1.,0.));
#104 = ( GEOMETRIC_REPRESENTATION_CONTEXT(2) 
PARAMETRIC_REPRESENTATION_CONTEXT() REPRESENTATION_CONTEXT('2D SPACE',''
  ) );
#105 = PCURVE('',#106,#111);
#106 = CYLINDRICAL_SURFACE('',#107,6.);
#107 = AXIS2_PLACEMENT_3D('',#108,#109,#110);
#108 = CARTESIAN_POINT('',(-84.,-54.,-75.));
#109 = DIRECTION('',(0.,0.,1.));
#110 = DIRECTION('',(-1.,-0.,0.));
#111 = DEFINITIONAL_REPRESENTATION('',(#112),#116);
#112 = LINE('',#113,#114);
#113 = CARTESIAN_POINT('',(0.,0.));
#114 = VECTOR('',#115,1.);
#115 = DIRECTION('',(0.,1.));
#116 = ( GEOMETRIC_REPRESENTATION_CONTEXT(2) 
PARAMETRIC_REPRESENTATION_CONTEXT() REPRESENTATION_CONTEXT('2D SPACE',''
  ) );
#117 = ORIENTED_EDGE('',*,*,#118,.T.);
#118 = EDGE_CURVE('',#91,#119,#121,.T.);
#119 = VERTEX_POINT('',#120);
#120 = CARTESIAN_POINT('',(-90.,54.,-75.));
#121 = SURFACE_CURVE('',#122,(#126,#133),.PCURVE_S1.);
#122 = LINE('',#123,#124);
#123 = CARTESIAN_POINT('',(-90.,-60.,-75.));
#124 = VECTOR('',#125,1.);
#125 = DIRECTION('',(0.,1.,0.));
#126 = PCURVE('',#66,#127);
#127 = DEFINITIONAL_REPRESENTATION('',(#128),#132);
#128 = LINE('',#129,#130);
#129 = CARTESIAN_POINT('',(0.,0.));
#130 = VECTOR('',#131,1.);
#131 = DIRECTION('',(0.,-1.));
#132 = ( GEOMETRIC_REPRESENTATION_CONTEXT(2) 
PARAMETRIC_REPRESENTATION_CONTEXT() REPRESENTATION_CONTEXT('2D SPACE',''
  ) );
#133 = PCURVE('',#134,#139);
#134 = PLANE('',#135);
#135 = AXIS2_PLACEMENT_3D('',#136,#137,#138);
#136 = CARTESIAN_POINT('',(-90.,-60.,-75.));
#137 = DIRECTION('',(0.,0.,1.));
#138 = DIRECTION('',(1.,0.,0.));
#139 = DEFINITIONAL_REPRESENTATION('',(#140),#144);
#140 = LINE('',#141,#142);
#141 = CARTESIAN_POINT('',(0.,0.));
#142 = VECTOR('',#143,1.);
#143 = DIRECTION('',(0.,1.));
#144 = ( GEOMETRIC_REPRESENTATION_CONTEXT(2) 
PARAMETRIC_REPRESENTATION_CONTEXT() REPRESENTATION_CONTEXT('2D SPACE',''
  ) );
#145 = ORIENTED_EDGE('',*,*,#146,.T.);
#146 = EDGE_CURVE('',#119,#58,#147,.T.);
#147 = SURFACE_CURVE('',#148,(#152,#159),.PCURVE_S1.);
#148 = LINE('',#149,#150);
#149 = CARTESIAN_POINT('',(-90.,54.,-75.));
#150 = VECTOR('',#151,1.);
#151 = DIRECTION('',(0.,0.,1.));
#152 = PCURVE('',#66,#153);
#153 = DEFINITIONAL_REPRESENTATION('',(#154),#158);
#154 = LINE('',#155,#156);
#155 = CARTESIAN_POINT('',(0.,-114.));
#156 = VECTOR('',#157,1.);
#157 = DIRECTION('',(1.,0.));
#158 = ( GEOMETRIC_REPRESENTATION_CONTEXT(2) 
PARAMETRIC_REPRESENTATION_CONTEXT() REPRESENTATION_CONTEXT('2D SPACE',''
  ) );
#159 = PCURVE('',#160,#165);
#160 = CYLINDRICAL_SURFACE('',#161,6.);
#161 = AXIS2_PLACEMENT_3D('',#162,#163,#164);
#162 = CARTESIAN_POINT('',(-84.,54.,-75.));
#163 = DIRECTION('',(0.,0.,1.));
#164 = DIRECTION('',(-1.,-0.,0.));
#165 = DEFINITIONAL_REPRESENTATION('',(#166),#170);
#166 = LINE('',#167,#168);
#167 = CARTESIAN_POINT('',(-0.,0.));
#168 = VECTOR('',#169,1.);
#169 = DIRECTION('',(-0.,1.));
#170 = ( GEOMETRIC_REPRESENTATION_CONTEXT(2) 
PARAMETRIC_REPRESENTATION_CONTEXT() REPRESENTATION_CONTEXT('2D SPACE',''
  ) );
#171 = ADVANCED_FACE('',(#172,#371,#402,#433),#78,.T.);
#172 = FACE_BOUND('',#173,.T.);
#173 = EDGE_LOOP('',(#174,#175,#199,#227,#260,#288,#317,#345));
#174 = ORIENTED_EDGE('',*,*,#55,.F.);
#175 = ORIENTED_EDGE('',*,*,#176,.T.);
#176 = EDGE_CURVE('',#56,#177,#179,.T.);
#177 = VERTEX_POINT('',#178);
#178 = CARTESIAN_POINT('',(-84.,-60.,75.));
#179 = SURFACE_CURVE('',#180,(#185,#192),.PCURVE_S1.);
#180 = CIRCLE('',#181,6.);
#181 = AXIS2_PLACEMENT_3D('',#182,#183,#184);
#182 = CARTESIAN_POINT('',(-84.,-54.,75.));
#183 = DIRECTION('',(0.,0.,1.));
#184 = DIRECTION('',(0.,-1.,0.));
#185 = PCURVE('',#78,#186);
#186 = DEFINITIONAL_REPRESENTATION('',(#187),#191);
#187 = CIRCLE('',#188,6.);
#188 = AXIS2_PLACEMENT_2D('',#189,#190);
#189 = CARTESIAN_POINT('',(6.,6.));
#190 = DIRECTION('',(0.,-1.));
#191 = ( GEOMETRIC_REPRESENTATION_CONTEXT(2) 
PARAMETRIC_REPRESENTATION_CONTEXT() REPRESENTATION_CONTEXT('2D SPACE',''
  ) );
#192 = PCURVE('',#106,#193);
#193 = DEFINITIONAL_REPRESENTATION('',(#194),#198);
#194 = LINE('',#195,#196);
#195 = CARTESIAN_POINT('',(-4.712388980385,150.));
#196 = VECTOR('',#197,1.);
#197 = DIRECTION('',(1.,0.));
#198 = ( GEOMETRIC_REPRESENTATION_CONTEXT(2) 
PARAMETRIC_REPRESENTATION_CONTEXT() REPRESENTATION_CONTEXT('2D SPACE',''
  ) );
#199 = ORIENTED_EDGE('',*,*,#200,.T.);
#200 = EDGE_CURVE('',#177,#201,#203,.T.);
#201 = VERTEX_POINT('',#202);
#202 = CARTESIAN_POINT('',(84.,-60.,75.));
#203 = SURFACE_CURVE('',#204,(#208,#215),.PCURVE_S1.);
#204 = LINE('',#205,#206);
#205 = CARTESIAN_POINT('',(-90.,-60.,75.));
#206 = VECTOR('',#207,1.);
#207 = DIRECTION('',(1.,0.,0.));
#208 = PCURVE('',#78,#209);
#209 = DEFINITIONAL_REPRESENTATION('',(#210),#214);
#210 = LINE('',#211,#212);
#211 = CARTESIAN_POINT('',(0.,0.));
#212 = VECTOR('',#213,1.);
#213 = DIRECTION('',(1.,0.));
#214 = ( GEOMETRIC_REPRESENTATION_CONTEXT(2) 
PARAMETRIC_REPRESENTATION_CONTEXT() REPRESENTATION_CONTEXT('2D SPACE',''
  ) );
#215 = PCURVE('',#216,#221);
#216 = PLANE('',#217);
#217 = AXIS2_PLACEMENT_3D('',#218,#219,#220);
#218 = CARTESIAN_POINT('',(-90.,-60.,-75.));
#219 = DIRECTION('',(0.,1.,0.));
#220 = DIRECTION('',(0.,0.,1.));
#221 = DEFINITIONAL_REPRESENTATION('',(#222),#226);
#222 = LINE('',#223,#224);
#223 = CARTESIAN_POINT('',(150.,0.));
#224 = VECTOR('',#225,1.);
#225 = DIRECTION('',(0.,1.));
#226 = ( GEOMETRIC_REPRESENTATION_CONTEXT(2) 
PARAMETRIC_REPRESENTATION_CONTEXT() REPRESENTATION_CONTEXT('2D SPACE',''
  ) );
#227 = ORIENTED_EDGE('',*,*,#228,.F.);
#228 = EDGE_CURVE('',#229,#201,#231,.T.);
#229 = VERTEX_POINT('',#230);
#230 = CARTESIAN_POINT('',(90.,-54.,75.));
#231 = SURFACE_CURVE('',#232,(#237,#248),.PCURVE_S1.);
#232 = CIRCLE('',#233,6.);
#233 = AXIS2_PLACEMENT_3D('',#234,#235,#236);
#234 = CARTESIAN_POINT('',(84.,-54.,75.));
#235 = DIRECTION('',(-0.,-0.,-1.));
#236 = DIRECTION('',(0.,-1.,0.));
#237 = PCURVE('',#78,#238);
#238 = DEFINITIONAL_REPRESENTATION('',(#239),#247);
#239 = ( BOUNDED_CURVE() B_SPLINE_CURVE(2,(#240,#241,#242,#243,#244,#245
,#246),.UNSPECIFIED.,.T.,.F.) B_SPLINE_CURVE_WITH_KNOTS((1,2,2,2,2,1),(
    -2.094395102393,0.,2.094395102393,4.188790204786,6.28318530718,
8.377580409573),.UNSPECIFIED.) CURVE() GEOMETRIC_REPRESENTATION_ITEM() 
RATIONAL_B_SPLINE_CURVE((1.,0.5,1.,0.5,1.,0.5,1.)) REPRESENTATION_ITEM(
  '') );
#240 = CARTESIAN_POINT('',(174.,0.));
#241 = CARTESIAN_POINT('',(163.60769515458,0.));
#242 = CARTESIAN_POINT('',(168.80384757729,9.));
#243 = CARTESIAN_POINT('',(174.,18.));
#244 = CARTESIAN_POINT('',(179.1961524227,9.));
#245 = CARTESIAN_POINT('',(184.39230484541,8.881784197001E-15));
#246 = CARTESIAN_POINT('',(174.,0.));
#247 = ( GEOMETRIC_REPRESENTATION_CONTEXT(2) 
PARAMETRIC_REPRESENTATION_CONTEXT() REPRESENTATION_CONTEXT('2D SPACE',''
  ) );
#248 = PCURVE('',#249,#254);
#249 = CYLINDRICAL_SURFACE('',#250,6.);
#250 = AXIS2_PLACEMENT_3D('',#251,#252,#253);
#251 = CARTESIAN_POINT('',(84.,-54.,-75.));
#252 = DIRECTION('',(0.,0.,1.));
#253 = DIRECTION('',(1.,0.,-0.));
#254 = DEFINITIONAL_REPRESENTATION('',(#255),#259);
#255 = LINE('',#256,#257);
#256 = CARTESIAN_POINT('',(4.712388980385,150.));
#257 = VECTOR('',#258,1.);
#258 = DIRECTION('',(-1.,0.));
#259 = ( GEOMETRIC_REPRESENTATION_CONTEXT(2) 
PARAMETRIC_REPRESENTATION_CONTEXT() REPRESENTATION_CONTEXT('2D SPACE',''
  ) );
#260 = ORIENTED_EDGE('',*,*,#261,.T.);
#261 = EDGE_CURVE('',#229,#262,#264,.T.);
#262 = VERTEX_POINT('',#263);
#263 = CARTESIAN_POINT('',(90.,54.,75.));
#264 = SURFACE_CURVE('',#265,(#269,#276),.PCURVE_S1.);
#265 = LINE('',#266,#267);
#266 = CARTESIAN_POINT('',(90.,-60.,75.));
#267 = VECTOR('',#268,1.);
#268 = DIRECTION('',(0.,1.,0.));
#269 = PCURVE('',#78,#270);
#270 = DEFINITIONAL_REPRESENTATION('',(#271),#275);
#271 = LINE('',#272,#273);
#272 = CARTESIAN_POINT('',(180.,0.));
#273 = VECTOR('',#274,1.);
#274 = DIRECTION('',(0.,1.));
#275 = ( GEOMETRIC_REPRESENTATION_CONTEXT(2) 
PARAMETRIC_REPRESENTATION_CONTEXT() REPRESENTATION_CONTEXT('2D SPACE',''
  ) );
#276 = PCURVE('',#277,#282);
#277 = PLANE('',#278);
#278 = AXIS2_PLACEMENT_3D('',#279,#280,#281);
#279 = CARTESIAN_POINT('',(90.,-60.,-75.));
#280 = DIRECTION('',(1.,0.,0.));
#281 = DIRECTION('',(0.,0.,1.));
#282 = DEFINITIONAL_REPRESENTATION('',(#283),#287);
#283 = LINE('',#284,#285);
#284 = CARTESIAN_POINT('',(150.,0.));
#285 = VECTOR('',#286,1.);
#286 = DIRECTION('',(0.,-1.));
#287 = ( GEOMETRIC_REPRESENTATION_CONTEXT(2) 
PARAMETRIC_REPRESENTATION_CONTEXT() REPRESENTATION_CONTEXT('2D SPACE',''
  ) );
#288 = ORIENTED_EDGE('',*,*,#289,.T.);
#289 = EDGE_CURVE('',#262,#290,#292,.T.);
#290 = VERTEX_POINT('',#291);
#291 = CARTESIAN_POINT('',(84.,60.,75.));
#292 = SURFACE_CURVE('',#293,(#298,#305),.PCURVE_S1.);
#293 = CIRCLE('',#294,6.);
#294 = AXIS2_PLACEMENT_3D('',#295,#296,#297);
#295 = CARTESIAN_POINT('',(84.,54.,75.));
#296 = DIRECTION('',(0.,0.,1.));
#297 = DIRECTION('',(0.,-1.,0.));
#298 = PCURVE('',#78,#299);
#299 = DEFINITIONAL_REPRESENTATION('',(#300),#304);
#300 = CIRCLE('',#301,6.);
#301 = AXIS2_PLACEMENT_2D('',#302,#303);
#302 = CARTESIAN_POINT('',(174.,114.));
#303 = DIRECTION('',(0.,-1.));
#304 = ( GEOMETRIC_REPRESENTATION_CONTEXT(2) 
PARAMETRIC_REPRESENTATION_CONTEXT() REPRESENTATION_CONTEXT('2D SPACE',''
  ) );
#305 = PCURVE('',#306,#311);
#306 = CYLINDRICAL_SURFACE('',#307,6.);
#307 = AXIS2_PLACEMENT_3D('',#308,#309,#310);
#308 = CARTESIAN_POINT('',(84.,54.,-75.));
#309 = DIRECTION('',(0.,0.,1.));
#310 = DIRECTION('',(1.,0.,-0.));
#311 = DEFINITIONAL_REPRESENTATION('',(#312),#316);
#312 = LINE('',#313,#314);
#313 = CARTESIAN_POINT('',(-1.570796326795,150.));
#314 = VECTOR('',#315,1.);
#315 = DIRECTION('',(1.,0.));
#316 = ( GEOMETRIC_REPRESENTATION_CONTEXT(2) 
PARAMETRIC_REPRESENTATION_CONTEXT() REPRESENTATION_CONTEXT('2D SPACE',''
  ) );
#317 = ORIENTED_EDGE('',*,*,#318,.F.);
#318 = EDGE_CURVE('',#319,#290,#321,.T.);
#319 = VERTEX_POINT('',#320);
#320 = CARTESIAN_POINT('',(-84.,60.,75.));
#321 = SURFACE_CURVE('',#322,(#326,#333),.PCURVE_S1.);
#322 = LINE('',#323,#324);
#323 = CARTESIAN_POINT('',(-90.,60.,75.));
#324 = VECTOR('',#325,1.);
#325 = DIRECTION('',(1.,0.,0.));
#326 = PCURVE('',#78,#327);
#327 = DEFINITIONAL_REPRESENTATION('',(#328),#332);
#328 = LINE('',#329,#330);
#329 = CARTESIAN_POINT('',(0.,120.));
#330 = VECTOR('',#331,1.);
#331 = DIRECTION('',(1.,0.));
#332 = ( GEOMETRIC_REPRESENTATION_CONTEXT(2) 
PARAMETRIC_REPRESENTATION_CONTEXT() REPRESENTATION_CONTEXT('2D SPACE',''
  ) );
#333 = PCURVE('',#334,#339);
#334 = PLANE('',#335);
#335 = AXIS2_PLACEMENT_3D('',#336,#337,#338);
#336 = CARTESIAN_POINT('',(-90.,60.,-75.));
#337 = DIRECTION('',(0.,1.,0.));
#338 = DIRECTION('',(0.,0.,1.));
#339 = DEFINITIONAL_REPRESENTATION('',(#340),#344);
#340 = LINE('',#341,#342);
#341 = CARTESIAN_POINT('',(150.,0.));
#342 = VECTOR('',#343,1.);
#343 = DIRECTION('',(0.,1.));
#344 = ( GEOMETRIC_REPRESENTATION_CONTEXT(2) 
PARAMETRIC_REPRESENTATION_CONTEXT() REPRESENTATION_CONTEXT('2D SPACE',''
  ) );
#345 = ORIENTED_EDGE('',*,*,#346,.F.);
#346 = EDGE_CURVE('',#58,#319,#347,.T.);
#347 = SURFACE_CURVE('',#348,(#353,#364),.PCURVE_S1.);
#348 = CIRCLE('',#349,6.);
#349 = AXIS2_PLACEMENT_3D('',#350,#351,#352);
#350 = CARTESIAN_POINT('',(-84.,54.,75.));
#351 = DIRECTION('',(-0.,-0.,-1.));
#352 = DIRECTION('',(0.,-1.,0.));
#353 = PCURVE('',#78,#354);
#354 = DEFINITIONAL_REPRESENTATION('',(#355),#363);
#355 = ( BOUNDED_CURVE() B_SPLINE_CURVE(2,(#356,#357,#358,#359,#360,#361
,#362),.UNSPECIFIED.,.T.,.F.) B_SPLINE_CURVE_WITH_KNOTS((1,2,2,2,2,1),(
    -2.094395102393,0.,2.094395102393,4.188790204786,6.28318530718,
8.377580409573),.UNSPECIFIED.) CURVE() GEOMETRIC_REPRESENTATION_ITEM() 
RATIONAL_B_SPLINE_CURVE((1.,0.5,1.,0.5,1.,0.5,1.)) REPRESENTATION_ITEM(
  '') );
#356 = CARTESIAN_POINT('',(6.,108.));
#357 = CARTESIAN_POINT('',(-4.392304845413,108.));
#358 = CARTESIAN_POINT('',(0.803847577293,117.));
#359 = CARTESIAN_POINT('',(6.,126.));
#360 = CARTESIAN_POINT('',(11.196152422707,117.));
#361 = CARTESIAN_POINT('',(16.392304845413,108.));
#362 = CARTESIAN_POINT('',(6.,108.));
#363 = ( GEOMETRIC_REPRESENTATION_CONTEXT(2) 
PARAMETRIC_REPRESENTATION_CONTEXT() REPRESENTATION_CONTEXT('2D SPACE',''
  ) );
#364 = PCURVE('',#160,#365);
#365 = DEFINITIONAL_REPRESENTATION('',(#366),#370);
#366 = LINE('',#367,#368);
#367 = CARTESIAN_POINT('',(1.570796326795,150.));
#368 = VECTOR('',#369,1.);
#369 = DIRECTION('',(-1.,0.));
#370 = ( GEOMETRIC_REPRESENTATION_CONTEXT(2) 
PARAMETRIC_REPRESENTATION_CONTEXT() REPRESENTATION_CONTEXT('2D SPACE',''
  ) );
#371 = FACE_BOUND('',#372,.T.);
#372 = EDGE_LOOP('',(#373));
#373 = ORIENTED_EDGE('',*,*,#374,.F.);
#374 = EDGE_CURVE('',#375,#375,#377,.T.);
#375 = VERTEX_POINT('',#376);
#376 = CARTESIAN_POINT('',(-32.,-20.,75.));
#377 = SURFACE_CURVE('',#378,(#383,#390),.PCURVE_S1.);
#378 = CIRCLE('',#379,7.);
#379 = AXIS2_PLACEMENT_3D('',#380,#381,#382);
#380 = CARTESIAN_POINT('',(-25.,-20.,75.));
#381 = DIRECTION('',(0.,0.,1.));
#382 = DIRECTION('',(-1.,0.,0.));
#383 = PCURVE('',#78,#384);
#384 = DEFINITIONAL_REPRESENTATION('',(#385),#389);
#385 = CIRCLE('',#386,7.);
#386 = AXIS2_PLACEMENT_2D('',#387,#388);
#387 = CARTESIAN_POINT('',(65.,40.));
#388 = DIRECTION('',(-1.,0.));
#389 = ( GEOMETRIC_REPRESENTATION_CONTEXT(2) 
PARAMETRIC_REPRESENTATION_CONTEXT() REPRESENTATION_CONTEXT('2D SPACE',''
  ) );
#390 = PCURVE('',#391,#396);
#391 = CYLINDRICAL_SURFACE('',#392,7.);
#392 = AXIS2_PLACEMENT_3D('',#393,#394,#395);
#393 = CARTESIAN_POINT('',(-25.,-20.,-75.));
#394 = DIRECTION('',(0.,0.,1.));
#395 = DIRECTION('',(-1.,0.,0.));
#396 = DEFINITIONAL_REPRESENTATION('',(#397),#401);
#397 = LINE('',#398,#399);
#398 = CARTESIAN_POINT('',(0.,150.));
#399 = VECTOR('',#400,1.);
#400 = DIRECTION('',(1.,0.));
#401 = ( GEOMETRIC_REPRESENTATION_CONTEXT(2) 
PARAMETRIC_REPRESENTATION_CONTEXT() REPRESENTATION_CONTEXT('2D SPACE',''
  ) );
#402 = FACE_BOUND('',#403,.T.);
#403 = EDGE_LOOP('',(#404));
#404 = ORIENTED_EDGE('',*,*,#405,.F.);
#405 = EDGE_CURVE('',#406,#406,#408,.T.);
#406 = VERTEX_POINT('',#407);
#407 = CARTESIAN_POINT('',(18.,-20.,75.));
#408 = SURFACE_CURVE('',#409,(#414,#421),.PCURVE_S1.);
#409 = CIRCLE('',#410,7.);
#410 = AXIS2_PLACEMENT_3D('',#411,#412,#413);
#411 = CARTESIAN_POINT('',(25.,-20.,75.));
#412 = DIRECTION('',(0.,0.,1.));
#413 = DIRECTION('',(-1.,0.,0.));
#414 = PCURVE('',#78,#415);
#415 = DEFINITIONAL_REPRESENTATION('',(#416),#420);
#416 = CIRCLE('',#417,7.);
#417 = AXIS2_PLACEMENT_2D('',#418,#419);
#418 = CARTESIAN_POINT('',(115.,40.));
#419 = DIRECTION('',(-1.,0.));
#420 = ( GEOMETRIC_REPRESENTATION_CONTEXT(2) 
PARAMETRIC_REPRESENTATION_CONTEXT() REPRESENTATION_CONTEXT('2D SPACE',''
  ) );
#421 = PCURVE('',#422,#427);
#422 = CYLINDRICAL_SURFACE('',#423,7.);
#423 = AXIS2_PLACEMENT_3D('',#424,#425,#426);
#424 = CARTESIAN_POINT('',(25.,-20.,-75.));
#425 = DIRECTION('',(0.,0.,1.));
#426 = DIRECTION('',(-1.,0.,0.));
#427 = DEFINITIONAL_REPRESENTATION('',(#428),#432);
#428 = LINE('',#429,#430);
#429 = CARTESIAN_POINT('',(0.,150.));
#430 = VECTOR('',#431,1.);
#431 = DIRECTION('',(1.,0.));
#432 = ( GEOMETRIC_REPRESENTATION_CONTEXT(2) 
PARAMETRIC_REPRESENTATION_CONTEXT() REPRESENTATION_CONTEXT('2D SPACE',''
  ) );
#433 = FACE_BOUND('',#434,.T.);
#434 = EDGE_LOOP('',(#435));
#435 = ORIENTED_EDGE('',*,*,#436,.F.);
#436 = EDGE_CURVE('',#437,#437,#439,.T.);
#437 = VERTEX_POINT('',#438);
#438 = CARTESIAN_POINT('',(-6.,20.,75.));
#439 = SURFACE_CURVE('',#440,(#445,#452),.PCURVE_S1.);
#440 = CIRCLE('',#441,6.);
#441 = AXIS2_PLACEMENT_3D('',#442,#443,#444);
#442 = CARTESIAN_POINT('',(0.,20.,75.));
#443 = DIRECTION('',(0.,0.,1.));
#444 = DIRECTION('',(-1.,0.,0.));
#445 = PCURVE('',#78,#446);
#446 = DEFINITIONAL_REPRESENTATION('',(#447),#451);
#447 = CIRCLE('',#448,6.);
#448 = AXIS2_PLACEMENT_2D('',#449,#450);
#449 = CARTESIAN_POINT('',(90.,80.));
#450 = DIRECTION('',(-1.,0.));
#451 = ( GEOMETRIC_REPRESENTATION_CONTEXT(2) 
PARAMETRIC_REPRESENTATION_CONTEXT() REPRESENTATION_CONTEXT('2D SPACE',''
  ) );
#452 = PCURVE('',#453,#458);
#453 = CYLINDRICAL_SURFACE('',#454,6.);
#454 = AXIS2_PLACEMENT_3D('',#455,#456,#457);
#455 = CARTESIAN_POINT('',(0.,20.,-75.));
#456 = DIRECTION('',(0.,0.,1.));
#457 = DIRECTION('',(-1.,0.,0.));
#458 = DEFINITIONAL_REPRESENTATION('',(#459),#463);
#459 = LINE('',#460,#461);
#460 = CARTESIAN_POINT('',(0.,150.));
#461 = VECTOR('',#462,1.);
#462 = DIRECTION('',(1.,0.));
#463 = ( GEOMETRIC_REPRESENTATION_CONTEXT(2) 
PARAMETRIC_REPRESENTATION_CONTEXT() REPRESENTATION_CONTEXT('2D SPACE',''
  ) );
#464 = ADVANCED_FACE('',(#465),#106,.T.);
#465 = FACE_BOUND('',#466,.T.);
#466 = EDGE_LOOP('',(#467,#491,#512,#513));
#467 = ORIENTED_EDGE('',*,*,#468,.T.);
#468 = EDGE_CURVE('',#91,#469,#471,.T.);
#469 = VERTEX_POINT('',#470);
#470 = CARTESIAN_POINT('',(-84.,-60.,-75.));
#471 = SURFACE_CURVE('',#472,(#477,#484),.PCURVE_S1.);
#472 = CIRCLE('',#473,6.);
#473 = AXIS2_PLACEMENT_3D('',#474,#475,#476);
#474 = CARTESIAN_POINT('',(-84.,-54.,-75.));
#475 = DIRECTION('',(0.,0.,1.));
#476 = DIRECTION('',(0.,-1.,0.));
#477 = PCURVE('',#106,#478);
#478 = DEFINITIONAL_REPRESENTATION('',(#479),#483);
#479 = LINE('',#480,#481);
#480 = CARTESIAN_POINT('',(-4.712388980385,0.));
#481 = VECTOR('',#482,1.);
#482 = DIRECTION('',(1.,0.));
#483 = ( GEOMETRIC_REPRESENTATION_CONTEXT(2) 
PARAMETRIC_REPRESENTATION_CONTEXT() REPRESENTATION_CONTEXT('2D SPACE',''
  ) );
#484 = PCURVE('',#134,#485);
#485 = DEFINITIONAL_REPRESENTATION('',(#486),#490);
#486 = CIRCLE('',#487,6.);
#487 = AXIS2_PLACEMENT_2D('',#488,#489);
#488 = CARTESIAN_POINT('',(6.,6.));
#489 = DIRECTION('',(0.,-1.));
#490 = ( GEOMETRIC_REPRESENTATION_CONTEXT(2) 
PARAMETRIC_REPRESENTATION_CONTEXT() REPRESENTATION_CONTEXT('2D SPACE',''
  ) );
#491 = ORIENTED_EDGE('',*,*,#492,.T.);
#492 = EDGE_CURVE('',#469,#177,#493,.T.);
#493 = SURFACE_CURVE('',#494,(#498,#505),.PCURVE_S1.);
#494 = LINE('',#495,#496);
#495 = CARTESIAN_POINT('',(-84.,-60.,-75.));
#496 = VECTOR('',#497,1.);
#497 = DIRECTION('',(0.,0.,1.));
#498 = PCURVE('',#106,#499);
#499 = DEFINITIONAL_REPRESENTATION('',(#500),#504);
#500 = LINE('',#501,#502);
#501 = CARTESIAN_POINT('',(1.570796326795,0.));
#502 = VECTOR('',#503,1.);
#503 = DIRECTION('',(0.,1.));
#504 = ( GEOMETRIC_REPRESENTATION_CONTEXT(2) 
PARAMETRIC_REPRESENTATION_CONTEXT() REPRESENTATION_CONTEXT('2D SPACE',''
  ) );
#505 = PCURVE('',#216,#506);
#506 = DEFINITIONAL_REPRESENTATION('',(#507),#511);
#507 = LINE('',#508,#509);
#508 = CARTESIAN_POINT('',(0.,6.));
#509 = VECTOR('',#510,1.);
#510 = DIRECTION('',(1.,0.));
#511 = ( GEOMETRIC_REPRESENTATION_CONTEXT(2) 
PARAMETRIC_REPRESENTATION_CONTEXT() REPRESENTATION_CONTEXT('2D SPACE',''
  ) );
#512 = ORIENTED_EDGE('',*,*,#176,.F.);
#513 = ORIENTED_EDGE('',*,*,#90,.F.);
#514 = ADVANCED_FACE('',(#515,#666,#697,#728),#134,.F.);
#515 = FACE_BOUND('',#516,.F.);
#516 = EDGE_LOOP('',(#517,#518,#519,#542,#570,#593,#617,#640));
#517 = ORIENTED_EDGE('',*,*,#118,.F.);
#518 = ORIENTED_EDGE('',*,*,#468,.T.);
#519 = ORIENTED_EDGE('',*,*,#520,.T.);
#520 = EDGE_CURVE('',#469,#521,#523,.T.);
#521 = VERTEX_POINT('',#522);
#522 = CARTESIAN_POINT('',(84.,-60.,-75.));
#523 = SURFACE_CURVE('',#524,(#528,#535),.PCURVE_S1.);
#524 = LINE('',#525,#526);
#525 = CARTESIAN_POINT('',(-90.,-60.,-75.));
#526 = VECTOR('',#527,1.);
#527 = DIRECTION('',(1.,0.,0.));
#528 = PCURVE('',#134,#529);
#529 = DEFINITIONAL_REPRESENTATION('',(#530),#534);
#530 = LINE('',#531,#532);
#531 = CARTESIAN_POINT('',(0.,0.));
#532 = VECTOR('',#533,1.);
#533 = DIRECTION('',(1.,0.));
#534 = ( GEOMETRIC_REPRESENTATION_CONTEXT(2) 
PARAMETRIC_REPRESENTATION_CONTEXT() REPRESENTATION_CONTEXT('2D SPACE',''
  ) );
#535 = PCURVE('',#216,#536);
#536 = DEFINITIONAL_REPRESENTATION('',(#537),#541);
#537 = LINE('',#538,#539);
#538 = CARTESIAN_POINT('',(0.,0.));
#539 = VECTOR('',#540,1.);
#540 = DIRECTION('',(0.,1.));
#541 = ( GEOMETRIC_REPRESENTATION_CONTEXT(2) 
PARAMETRIC_REPRESENTATION_CONTEXT() REPRESENTATION_CONTEXT('2D SPACE',''
  ) );
#542 = ORIENTED_EDGE('',*,*,#543,.F.);
#543 = EDGE_CURVE('',#544,#521,#546,.T.);
#544 = VERTEX_POINT('',#545);
#545 = CARTESIAN_POINT('',(90.,-54.,-75.));
#546 = SURFACE_CURVE('',#547,(#552,#563),.PCURVE_S1.);
#547 = CIRCLE('',#548,6.);
#548 = AXIS2_PLACEMENT_3D('',#549,#550,#551);
#549 = CARTESIAN_POINT('',(84.,-54.,-75.));
#550 = DIRECTION('',(-0.,-0.,-1.));
#551 = DIRECTION('',(0.,-1.,0.));
#552 = PCURVE('',#134,#553);
#553 = DEFINITIONAL_REPRESENTATION('',(#554),#562);
#554 = ( BOUNDED_CURVE() B_SPLINE_CURVE(2,(#555,#556,#557,#558,#559,#560
,#561),.UNSPECIFIED.,.T.,.F.) B_SPLINE_CURVE_WITH_KNOTS((1,2,2,2,2,1),(
    -2.094395102393,0.,2.094395102393,4.188790204786,6.28318530718,
8.377580409573),.UNSPECIFIED.) CURVE() GEOMETRIC_REPRESENTATION_ITEM() 
RATIONAL_B_SPLINE_CURVE((1.,0.5,1.,0.5,1.,0.5,1.)) REPRESENTATION_ITEM(
  '') );
#555 = CARTESIAN_POINT('',(174.,0.));
#556 = CARTESIAN_POINT('',(163.60769515458,0.));
#557 = CARTESIAN_POINT('',(168.80384757729,9.));
#558 = CARTESIAN_POINT('',(174.,18.));
#559 = CARTESIAN_POINT('',(179.1961524227,9.));
#560 = CARTESIAN_POINT('',(184.39230484541,8.881784197001E-15));
#561 = CARTESIAN_POINT('',(174.,0.));
#562 = ( GEOMETRIC_REPRESENTATION_CONTEXT(2) 
PARAMETRIC_REPRESENTATION_CONTEXT() REPRESENTATION_CONTEXT('2D SPACE',''
  ) );
#563 = PCURVE('',#249,#564);
#564 = DEFINITIONAL_REPRESENTATION('',(#565),#569);
#565 = LINE('',#566,#567);
#566 = CARTESIAN_POINT('',(4.712388980385,-0.));
#567 = VECTOR('',#568,1.);
#568 = DIRECTION('',(-1.,0.));
#569 = ( GEOMETRIC_REPRESENTATION_CONTEXT(2) 
PARAMETRIC_REPRESENTATION_CONTEXT() REPRESENTATION_CONTEXT('2D SPACE',''
  ) );
#570 = ORIENTED_EDGE('',*,*,#571,.T.);
#571 = EDGE_CURVE('',#544,#572,#574,.T.);
#572 = VERTEX_POINT('',#573);
#573 = CARTESIAN_POINT('',(90.,54.,-75.));
#574 = SURFACE_CURVE('',#575,(#579,#586),.PCURVE_S1.);
#575 = LINE('',#576,#577);
#576 = CARTESIAN_POINT('',(90.,-60.,-75.));
#577 = VECTOR('',#578,1.);
#578 = DIRECTION('',(0.,1.,0.));
#579 = PCURVE('',#134,#580);
#580 = DEFINITIONAL_REPRESENTATION('',(#581),#585);
#581 = LINE('',#582,#583);
#582 = CARTESIAN_POINT('',(180.,0.));
#583 = VECTOR('',#584,1.);
#584 = DIRECTION('',(0.,1.));
#585 = ( GEOMETRIC_REPRESENTATION_CONTEXT(2) 
PARAMETRIC_REPRESENTATION_CONTEXT() REPRESENTATION_CONTEXT('2D SPACE',''
  ) );
#586 = PCURVE('',#277,#587);
#587 = DEFINITIONAL_REPRESENTATION('',(#588),#592);
#588 = LINE('',#589,#590);
#589 = CARTESIAN_POINT('',(0.,0.));
#590 = VECTOR('',#591,1.);
#591 = DIRECTION('',(0.,-1.));
#592 = ( GEOMETRIC_REPRESENTATION_CONTEXT(2) 
PARAMETRIC_REPRESENTATION_CONTEXT() REPRESENTATION_CONTEXT('2D SPACE',''
  ) );
#593 = ORIENTED_EDGE('',*,*,#594,.T.);
#594 = EDGE_CURVE('',#572,#595,#597,.T.);
#595 = VERTEX_POINT('',#596);
#596 = CARTESIAN_POINT('',(84.,60.,-75.));
#597 = SURFACE_CURVE('',#598,(#603,#610),.PCURVE_S1.);
#598 = CIRCLE('',#599,6.);
#599 = AXIS2_PLACEMENT_3D('',#600,#601,#602);
#600 = CARTESIAN_POINT('',(84.,54.,-75.));
#601 = DIRECTION('',(0.,0.,1.));
#602 = DIRECTION('',(0.,-1.,0.));
#603 = PCURVE('',#134,#604);
#604 = DEFINITIONAL_REPRESENTATION('',(#605),#609);
#605 = CIRCLE('',#606,6.);
#606 = AXIS2_PLACEMENT_2D('',#607,#608);
#607 = CARTESIAN_POINT('',(174.,114.));
#608 = DIRECTION('',(0.,-1.));
#609 = ( GEOMETRIC_REPRESENTATION_CONTEXT(2) 
PARAMETRIC_REPRESENTATION_CONTEXT() REPRESENTATION_CONTEXT('2D SPACE',''
  ) );
#610 = PCURVE('',#306,#611);
#611 = DEFINITIONAL_REPRESENTATION('',(#612),#616);
#612 = LINE('',#613,#614);
#613 = CARTESIAN_POINT('',(-1.570796326795,0.));
#614 = VECTOR('',#615,1.);
#615 = DIRECTION('',(1.,0.));
#616 = ( GEOMETRIC_REPRESENTATION_CONTEXT(2) 
PARAMETRIC_REPRESENTATION_CONTEXT() REPRESENTATION_CONTEXT('2D SPACE',''
  ) );
#617 = ORIENTED_EDGE('',*,*,#618,.F.);
#618 = EDGE_CURVE('',#619,#595,#621,.T.);
#619 = VERTEX_POINT('',#620);
#620 = CARTESIAN_POINT('',(-84.,60.,-75.));
#621 = SURFACE_CURVE('',#622,(#626,#633),.PCURVE_S1.);
#622 = LINE('',#623,#624);
#623 = CARTESIAN_POINT('',(-90.,60.,-75.));
#624 = VECTOR('',#625,1.);
#625 = DIRECTION('',(1.,0.,0.));
#626 = PCURVE('',#134,#627);
#627 = DEFINITIONAL_REPRESENTATION('',(#628),#632);
#628 = LINE('',#629,#630);
#629 = CARTESIAN_POINT('',(0.,120.));
#630 = VECTOR('',#631,1.);
#631 = DIRECTION('',(1.,0.));
#632 = ( GEOMETRIC_REPRESENTATION_CONTEXT(2) 
PARAMETRIC_REPRESENTATION_CONTEXT() REPRESENTATION_CONTEXT('2D SPACE',''
  ) );
#633 = PCURVE('',#334,#634);
#634 = DEFINITIONAL_REPRESENTATION('',(#635),#639);
#635 = LINE('',#636,#637);
#636 = CARTESIAN_POINT('',(0.,0.));
#637 = VECTOR('',#638,1.);
#638 = DIRECTION('',(0.,1.));
#639 = ( GEOMETRIC_REPRESENTATION_CONTEXT(2) 
PARAMETRIC_REPRESENTATION_CONTEXT() REPRESENTATION_CONTEXT('2D SPACE',''
  ) );
#640 = ORIENTED_EDGE('',*,*,#641,.F.);
#641 = EDGE_CURVE('',#119,#619,#642,.T.);
#642 = SURFACE_CURVE('',#643,(#648,#659),.PCURVE_S1.);
#643 = CIRCLE('',#644,6.);
#644 = AXIS2_PLACEMENT_3D('',#645,#646,#647);
#645 = CARTESIAN_POINT('',(-84.,54.,-75.));
#646 = DIRECTION('',(-0.,-0.,-1.));
#647 = DIRECTION('',(0.,-1.,0.));
#648 = PCURVE('',#134,#649);
#649 = DEFINITIONAL_REPRESENTATION('',(#650),#658);
#650 = ( BOUNDED_CURVE() B_SPLINE_CURVE(2,(#651,#652,#653,#654,#655,#656
,#657),.UNSPECIFIED.,.T.,.F.) B_SPLINE_CURVE_WITH_KNOTS((1,2,2,2,2,1),(
    -2.094395102393,0.,2.094395102393,4.188790204786,6.28318530718,
8.377580409573),.UNSPECIFIED.) CURVE() GEOMETRIC_REPRESENTATION_ITEM() 
RATIONAL_B_SPLINE_CURVE((1.,0.5,1.,0.5,1.,0.5,1.)) REPRESENTATION_ITEM(
  '') );
#651 = CARTESIAN_POINT('',(6.,108.));
#652 = CARTESIAN_POINT('',(-4.392304845413,108.));
#653 = CARTESIAN_POINT('',(0.803847577293,117.));
#654 = CARTESIAN_POINT('',(6.,126.));
#655 = CARTESIAN_POINT('',(11.196152422707,117.));
#656 = CARTESIAN_POINT('',(16.392304845413,108.));
#657 = CARTESIAN_POINT('',(6.,108.));
#658 = ( GEOMETRIC_REPRESENTATION_CONTEXT(2) 
PARAMETRIC_REPRESENTATION_CONTEXT() REPRESENTATION_CONTEXT('2D SPACE',''
  ) );
#659 = PCURVE('',#160,#660);
#660 = DEFINITIONAL_REPRESENTATION('',(#661),#665);
#661 = LINE('',#662,#663);
#662 = CARTESIAN_POINT('',(1.570796326795,-0.));
#663 = VECTOR('',#664,1.);
#664 = DIRECTION('',(-1.,0.));
#665 = ( GEOMETRIC_REPRESENTATION_CONTEXT(2) 
PARAMETRIC_REPRESENTATION_CONTEXT() REPRESENTATION_CONTEXT('2D SPACE',''
  ) );
#666 = FACE_BOUND('',#667,.F.);
#667 = EDGE_LOOP('',(#668));
#668 = ORIENTED_EDGE('',*,*,#669,.F.);
#669 = EDGE_CURVE('',#670,#670,#672,.T.);
#670 = VERTEX_POINT('',#671);
#671 = CARTESIAN_POINT('',(-32.,-20.,-75.));
#672 = SURFACE_CURVE('',#673,(#678,#685),.PCURVE_S1.);
#673 = CIRCLE('',#674,7.);
#674 = AXIS2_PLACEMENT_3D('',#675,#676,#677);
#675 = CARTESIAN_POINT('',(-25.,-20.,-75.));
#676 = DIRECTION('',(0.,0.,1.));
#677 = DIRECTION('',(-1.,0.,0.));
#678 = PCURVE('',#134,#679);
#679 = DEFINITIONAL_REPRESENTATION('',(#680),#684);
#680 = CIRCLE('',#681,7.);
#681 = AXIS2_PLACEMENT_2D('',#682,#683);
#682 = CARTESIAN_POINT('',(65.,40.));
#683 = DIRECTION('',(-1.,0.));
#684 = ( GEOMETRIC_REPRESENTATION_CONTEXT(2) 
PARAMETRIC_REPRESENTATION_CONTEXT() REPRESENTATION_CONTEXT('2D SPACE',''
  ) );
#685 = PCURVE('',#686,#691);
#686 = CYLINDRICAL_SURFACE('',#687,7.);
#687 = AXIS2_PLACEMENT_3D('',#688,#689,#690);
#688 = CARTESIAN_POINT('',(-25.,-20.,-75.));
#689 = DIRECTION('',(0.,0.,1.));
#690 = DIRECTION('',(-1.,0.,0.));
#691 = DEFINITIONAL_REPRESENTATION('',(#692),#696);
#692 = LINE('',#693,#694);
#693 = CARTESIAN_POINT('',(0.,0.));
#694 = VECTOR('',#695,1.);
#695 = DIRECTION('',(1.,0.));
#696 = ( GEOMETRIC_REPRESENTATION_CONTEXT(2) 
PARAMETRIC_REPRESENTATION_CONTEXT() REPRESENTATION_CONTEXT('2D SPACE',''
  ) );
#697 = FACE_BOUND('',#698,.F.);
#698 = EDGE_LOOP('',(#699));
#699 = ORIENTED_EDGE('',*,*,#700,.F.);
#700 = EDGE_CURVE('',#701,#701,#703,.T.);
#701 = VERTEX_POINT('',#702);
#702 = CARTESIAN_POINT('',(18.,-20.,-75.));
#703 = SURFACE_CURVE('',#704,(#709,#716),.PCURVE_S1.);
#704 = CIRCLE('',#705,7.);
#705 = AXIS2_PLACEMENT_3D('',#706,#707,#708);
#706 = CARTESIAN_POINT('',(25.,-20.,-75.));
#707 = DIRECTION('',(0.,0.,1.));
#708 = DIRECTION('',(-1.,0.,0.));
#709 = PCURVE('',#134,#710);
#710 = DEFINITIONAL_REPRESENTATION('',(#711),#715);
#711 = CIRCLE('',#712,7.);
#712 = AXIS2_PLACEMENT_2D('',#713,#714);
#713 = CARTESIAN_POINT('',(115.,40.));
#714 = DIRECTION('',(-1.,0.));
#715 = ( GEOMETRIC_REPRESENTATION_CONTEXT(2) 
PARAMETRIC_REPRESENTATION_CONTEXT() REPRESENTATION_CONTEXT('2D SPACE',''
  ) );
#716 = PCURVE('',#717,#722);
#717 = CYLINDRICAL_SURFACE('',#718,7.);
#718 = AXIS2_PLACEMENT_3D('',#719,#720,#721);
#719 = CARTESIAN_POINT('',(25.,-20.,-75.));
#720 = DIRECTION('',(0.,0.,1.));
#721 = DIRECTION('',(-1.,0.,0.));
#722 = DEFINITIONAL_REPRESENTATION('',(#723),#727);
#723 = LINE('',#724,#725);
#724 = CARTESIAN_POINT('',(0.,0.));
#725 = VECTOR('',#726,1.);
#726 = DIRECTION('',(1.,0.));
#727 = ( GEOMETRIC_REPRESENTATION_CONTEXT(2) 
PARAMETRIC_REPRESENTATION_CONTEXT() REPRESENTATION_CONTEXT('2D SPACE',''
  ) );
#728 = FACE_BOUND('',#729,.F.);
#729 = EDGE_LOOP('',(#730));
#730 = ORIENTED_EDGE('',*,*,#731,.F.);
#731 = EDGE_CURVE('',#732,#732,#734,.T.);
#732 = VERTEX_POINT('',#733);
#733 = CARTESIAN_POINT('',(-6.,20.,-75.));
#734 = SURFACE_CURVE('',#735,(#740,#747),.PCURVE_S1.);
#735 = CIRCLE('',#736,6.);
#736 = AXIS2_PLACEMENT_3D('',#737,#738,#739);
#737 = CARTESIAN_POINT('',(0.,20.,-75.));
#738 = DIRECTION('',(0.,0.,1.));
#739 = DIRECTION('',(-1.,0.,0.));
#740 = PCURVE('',#134,#741);
#741 = DEFINITIONAL_REPRESENTATION('',(#742),#746);
#742 = CIRCLE('',#743,6.);
#743 = AXIS2_PLACEMENT_2D('',#744,#745);
#744 = CARTESIAN_POINT('',(90.,80.));
#745 = DIRECTION('',(-1.,0.));
#746 = ( GEOMETRIC_REPRESENTATION_CONTEXT(2) 
PARAMETRIC_REPRESENTATION_CONTEXT() REPRESENTATION_CONTEXT('2D SPACE',''
  ) );
#747 = PCURVE('',#748,#753);
#748 = CYLINDRICAL_SURFACE('',#749,6.);
#749 = AXIS2_PLACEMENT_3D('',#750,#751,#752);
#750 = CARTESIAN_POINT('',(0.,20.,-75.));
#751 = DIRECTION('',(0.,0.,1.));
#752 = DIRECTION('',(-1.,0.,0.));
#753 = DEFINITIONAL_REPRESENTATION('',(#754),#758);
#754 = LINE('',#755,#756);
#755 = CARTESIAN_POINT('',(0.,0.));
#756 = VECTOR('',#757,1.);
#757 = DIRECTION('',(1.,0.));
#758 = ( GEOMETRIC_REPRESENTATION_CONTEXT(2) 
PARAMETRIC_REPRESENTATION_CONTEXT() REPRESENTATION_CONTEXT('2D SPACE',''
  ) );
#759 = ADVANCED_FACE('',(#760),#160,.T.);
#760 = FACE_BOUND('',#761,.F.);
#761 = EDGE_LOOP('',(#762,#763,#784,#785));
#762 = ORIENTED_EDGE('',*,*,#641,.T.);
#763 = ORIENTED_EDGE('',*,*,#764,.T.);
#764 = EDGE_CURVE('',#619,#319,#765,.T.);
#765 = SURFACE_CURVE('',#766,(#770,#777),.PCURVE_S1.);
#766 = LINE('',#767,#768);
#767 = CARTESIAN_POINT('',(-84.,60.,-75.));
#768 = VECTOR('',#769,1.);
#769 = DIRECTION('',(0.,0.,1.));
#770 = PCURVE('',#160,#771);
#771 = DEFINITIONAL_REPRESENTATION('',(#772),#776);
#772 = LINE('',#773,#774);
#773 = CARTESIAN_POINT('',(-1.570796326795,0.));
#774 = VECTOR('',#775,1.);
#775 = DIRECTION('',(-0.,1.));
#776 = ( GEOMETRIC_REPRESENTATION_CONTEXT(2) 
PARAMETRIC_REPRESENTATION_CONTEXT() REPRESENTATION_CONTEXT('2D SPACE',''
  ) );
#777 = PCURVE('',#334,#778);
#778 = DEFINITIONAL_REPRESENTATION('',(#779),#783);
#779 = LINE('',#780,#781);
#780 = CARTESIAN_POINT('',(0.,6.));
#781 = VECTOR('',#782,1.);
#782 = DIRECTION('',(1.,0.));
#783 = ( GEOMETRIC_REPRESENTATION_CONTEXT(2) 
PARAMETRIC_REPRESENTATION_CONTEXT() REPRESENTATION_CONTEXT('2D SPACE',''
  ) );
#784 = ORIENTED_EDGE('',*,*,#346,.F.);
#785 = ORIENTED_EDGE('',*,*,#146,.F.);
#786 = ADVANCED_FACE('',(#787,#813),#216,.F.);
#787 = FACE_BOUND('',#788,.F.);
#788 = EDGE_LOOP('',(#789,#790,#791,#792));
#789 = ORIENTED_EDGE('',*,*,#520,.F.);
#790 = ORIENTED_EDGE('',*,*,#492,.T.);
#791 = ORIENTED_EDGE('',*,*,#200,.T.);
#792 = ORIENTED_EDGE('',*,*,#793,.F.);
#793 = EDGE_CURVE('',#521,#201,#794,.T.);
#794 = SURFACE_CURVE('',#795,(#799,#806),.PCURVE_S1.);
#795 = LINE('',#796,#797);
#796 = CARTESIAN_POINT('',(84.,-60.,-75.));
#797 = VECTOR('',#798,1.);
#798 = DIRECTION('',(0.,0.,1.));
#799 = PCURVE('',#216,#800);
#800 = DEFINITIONAL_REPRESENTATION('',(#801),#805);
#801 = LINE('',#802,#803);
#802 = CARTESIAN_POINT('',(0.,174.));
#803 = VECTOR('',#804,1.);
#804 = DIRECTION('',(1.,0.));
#805 = ( GEOMETRIC_REPRESENTATION_CONTEXT(2) 
PARAMETRIC_REPRESENTATION_CONTEXT() REPRESENTATION_CONTEXT('2D SPACE',''
  ) );
#806 = PCURVE('',#249,#807);
#807 = DEFINITIONAL_REPRESENTATION('',(#808),#812);
#808 = LINE('',#809,#810);
#809 = CARTESIAN_POINT('',(-1.570796326795,0.));
#810 = VECTOR('',#811,1.);
#811 = DIRECTION('',(-0.,1.));
#812 = ( GEOMETRIC_REPRESENTATION_CONTEXT(2) 
PARAMETRIC_REPRESENTATION_CONTEXT() REPRESENTATION_CONTEXT('2D SPACE',''
  ) );
#813 = FACE_BOUND('',#814,.F.);
#814 = EDGE_LOOP('',(#815,#843,#869,#895,#921,#947,#973,#999));
#815 = ORIENTED_EDGE('',*,*,#816,.T.);
#816 = EDGE_CURVE('',#817,#819,#821,.T.);
#817 = VERTEX_POINT('',#818);
#818 = CARTESIAN_POINT('',(60.,-60.,70.));
#819 = VERTEX_POINT('',#820);
#820 = CARTESIAN_POINT('',(-60.,-60.,70.));
#821 = SURFACE_CURVE('',#822,(#826,#832),.PCURVE_S1.);
#822 = LINE('',#823,#824);
#823 = CARTESIAN_POINT('',(-15.,-60.,70.));
#824 = VECTOR('',#825,1.);
#825 = DIRECTION('',(-1.,0.,0.));
#826 = PCURVE('',#216,#827);
#827 = DEFINITIONAL_REPRESENTATION('',(#828),#831);
#828 = B_SPLINE_CURVE_WITH_KNOTS('',1,(#829,#830),.UNSPECIFIED.,.F.,.F.,
  (2,2),(-75.,45.),.PIECEWISE_BEZIER_KNOTS.);
#829 = CARTESIAN_POINT('',(145.,150.));
#830 = CARTESIAN_POINT('',(145.,30.));
#831 = ( GEOMETRIC_REPRESENTATION_CONTEXT(2) 
PARAMETRIC_REPRESENTATION_CONTEXT() REPRESENTATION_CONTEXT('2D SPACE',''
  ) );
#832 = PCURVE('',#833,#838);
#833 = PLANE('',#834);
#834 = AXIS2_PLACEMENT_3D('',#835,#836,#837);
#835 = CARTESIAN_POINT('',(60.,120.0000002,70.));
#836 = DIRECTION('',(0.,0.,-1.));
#837 = DIRECTION('',(-1.,0.,-0.));
#838 = DEFINITIONAL_REPRESENTATION('',(#839),#842);
#839 = B_SPLINE_CURVE_WITH_KNOTS('',1,(#840,#841),.UNSPECIFIED.,.F.,.F.,
  (2,2),(-75.,45.),.PIECEWISE_BEZIER_KNOTS.);
#840 = CARTESIAN_POINT('',(0.,-180.0000002));
#841 = CARTESIAN_POINT('',(120.,-180.0000002));
#842 = ( GEOMETRIC_REPRESENTATION_CONTEXT(2) 
PARAMETRIC_REPRESENTATION_CONTEXT() REPRESENTATION_CONTEXT('2D SPACE',''
  ) );
#843 = ORIENTED_EDGE('',*,*,#844,.T.);
#844 = EDGE_CURVE('',#819,#845,#847,.T.);
#845 = VERTEX_POINT('',#846);
#846 = CARTESIAN_POINT('',(-60.,-60.,47.5));
#847 = SURFACE_CURVE('',#848,(#852,#858),.PCURVE_S1.);
#848 = LINE('',#849,#850);
#849 = CARTESIAN_POINT('',(-60.,-60.,-2.5));
#850 = VECTOR('',#851,1.);
#851 = DIRECTION('',(0.,0.,-1.));
#852 = PCURVE('',#216,#853);
#853 = DEFINITIONAL_REPRESENTATION('',(#854),#857);
#854 = B_SPLINE_CURVE_WITH_KNOTS('',1,(#855,#856),.UNSPECIFIED.,.F.,.F.,
  (2,2),(-72.5,7.5),.PIECEWISE_BEZIER_KNOTS.);
#855 = CARTESIAN_POINT('',(145.,30.));
#856 = CARTESIAN_POINT('',(65.,30.));
#857 = ( GEOMETRIC_REPRESENTATION_CONTEXT(2) 
PARAMETRIC_REPRESENTATION_CONTEXT() REPRESENTATION_CONTEXT('2D SPACE',''
  ) );
#858 = PCURVE('',#859,#864);
#859 = PLANE('',#860);
#860 = AXIS2_PLACEMENT_3D('',#861,#862,#863);
#861 = CARTESIAN_POINT('',(-60.,120.0000002,70.));
#862 = DIRECTION('',(1.,0.,0.));
#863 = DIRECTION('',(0.,0.,-1.));
#864 = DEFINITIONAL_REPRESENTATION('',(#865),#868);
#865 = B_SPLINE_CURVE_WITH_KNOTS('',1,(#866,#867),.UNSPECIFIED.,.F.,.F.,
  (2,2),(-72.5,7.5),.PIECEWISE_BEZIER_KNOTS.);
#866 = CARTESIAN_POINT('',(0.,-180.0000002));
#867 = CARTESIAN_POINT('',(80.,-180.0000002));
#868 = ( GEOMETRIC_REPRESENTATION_CONTEXT(2) 
PARAMETRIC_REPRESENTATION_CONTEXT() REPRESENTATION_CONTEXT('2D SPACE',''
  ) );
#869 = ORIENTED_EDGE('',*,*,#870,.T.);
#870 = EDGE_CURVE('',#845,#871,#873,.T.);
#871 = VERTEX_POINT('',#872);
#872 = CARTESIAN_POINT('',(-65.,-60.,47.5));
#873 = SURFACE_CURVE('',#874,(#878,#884),.PCURVE_S1.);
#874 = LINE('',#875,#876);
#875 = CARTESIAN_POINT('',(-77.5,-60.,47.5));
#876 = VECTOR('',#877,1.);
#877 = DIRECTION('',(-1.,0.,0.));
#878 = PCURVE('',#216,#879);
#879 = DEFINITIONAL_REPRESENTATION('',(#880),#883);
#880 = B_SPLINE_CURVE_WITH_KNOTS('',1,(#881,#882),.UNSPECIFIED.,.F.,.F.,
  (2,2),(-142.5,-12.5),.PIECEWISE_BEZIER_KNOTS.);
#881 = CARTESIAN_POINT('',(122.5,155.));
#882 = CARTESIAN_POINT('',(122.5,25.));
#883 = ( GEOMETRIC_REPRESENTATION_CONTEXT(2) 
PARAMETRIC_REPRESENTATION_CONTEXT() REPRESENTATION_CONTEXT('2D SPACE',''
  ) );
#884 = PCURVE('',#885,#890);
#885 = PLANE('',#886);
#886 = AXIS2_PLACEMENT_3D('',#887,#888,#889);
#887 = CARTESIAN_POINT('',(-65.,-120.0000003,47.5));
#888 = DIRECTION('',(0.,0.,-1.));
#889 = DIRECTION('',(1.,0.,0.));
#890 = DEFINITIONAL_REPRESENTATION('',(#891),#894);
#891 = B_SPLINE_CURVE_WITH_KNOTS('',1,(#892,#893),.UNSPECIFIED.,.F.,.F.,
  (2,2),(-142.5,-12.5),.PIECEWISE_BEZIER_KNOTS.);
#892 = CARTESIAN_POINT('',(130.,-60.0000003));
#893 = CARTESIAN_POINT('',(0.,-60.0000003));
#894 = ( GEOMETRIC_REPRESENTATION_CONTEXT(2) 
PARAMETRIC_REPRESENTATION_CONTEXT() REPRESENTATION_CONTEXT('2D SPACE',''
  ) );
#895 = ORIENTED_EDGE('',*,*,#896,.T.);
#896 = EDGE_CURVE('',#871,#897,#899,.T.);
#897 = VERTEX_POINT('',#898);
#898 = CARTESIAN_POINT('',(-65.,-60.,-47.5));
#899 = SURFACE_CURVE('',#900,(#904,#910),.PCURVE_S1.);
#900 = LINE('',#901,#902);
#901 = CARTESIAN_POINT('',(-65.,-60.,-61.25));
#902 = VECTOR('',#903,1.);
#903 = DIRECTION('',(0.,0.,-1.));
#904 = PCURVE('',#216,#905);
#905 = DEFINITIONAL_REPRESENTATION('',(#906),#909);
#906 = B_SPLINE_CURVE_WITH_KNOTS('',1,(#907,#908),.UNSPECIFIED.,.F.,.F.,
  (2,2),(-108.75,-13.75),.PIECEWISE_BEZIER_KNOTS.);
#907 = CARTESIAN_POINT('',(122.5,25.));
#908 = CARTESIAN_POINT('',(27.5,25.));
#909 = ( GEOMETRIC_REPRESENTATION_CONTEXT(2) 
PARAMETRIC_REPRESENTATION_CONTEXT() REPRESENTATION_CONTEXT('2D SPACE',''
  ) );
#910 = PCURVE('',#911,#916);
#911 = PLANE('',#912);
#912 = AXIS2_PLACEMENT_3D('',#913,#914,#915);
#913 = CARTESIAN_POINT('',(-65.,-120.0000003,-47.5));
#914 = DIRECTION('',(1.,0.,0.));
#915 = DIRECTION('',(0.,0.,1.));
#916 = DEFINITIONAL_REPRESENTATION('',(#917),#920);
#917 = B_SPLINE_CURVE_WITH_KNOTS('',1,(#918,#919),.UNSPECIFIED.,.F.,.F.,
  (2,2),(-108.75,-13.75),.PIECEWISE_BEZIER_KNOTS.);
#918 = CARTESIAN_POINT('',(95.,-60.0000003));
#919 = CARTESIAN_POINT('',(0.,-60.0000003));
#920 = ( GEOMETRIC_REPRESENTATION_CONTEXT(2) 
PARAMETRIC_REPRESENTATION_CONTEXT() REPRESENTATION_CONTEXT('2D SPACE',''
  ) );
#921 = ORIENTED_EDGE('',*,*,#922,.T.);
#922 = EDGE_CURVE('',#897,#923,#925,.T.);
#923 = VERTEX_POINT('',#924);
#924 = CARTESIAN_POINT('',(65.,-60.,-47.5));
#925 = SURFACE_CURVE('',#926,(#930,#936),.PCURVE_S1.);
#926 = LINE('',#927,#928);
#927 = CARTESIAN_POINT('',(-12.5,-60.,-47.5));
#928 = VECTOR('',#929,1.);
#929 = DIRECTION('',(1.,0.,0.));
#930 = PCURVE('',#216,#931);
#931 = DEFINITIONAL_REPRESENTATION('',(#932),#935);
#932 = B_SPLINE_CURVE_WITH_KNOTS('',1,(#933,#934),.UNSPECIFIED.,.F.,.F.,
  (2,2),(-52.5,77.5),.PIECEWISE_BEZIER_KNOTS.);
#933 = CARTESIAN_POINT('',(27.5,25.));
#934 = CARTESIAN_POINT('',(27.5,155.));
#935 = ( GEOMETRIC_REPRESENTATION_CONTEXT(2) 
PARAMETRIC_REPRESENTATION_CONTEXT() REPRESENTATION_CONTEXT('2D SPACE',''
  ) );
#936 = PCURVE('',#937,#942);
#937 = PLANE('',#938);
#938 = AXIS2_PLACEMENT_3D('',#939,#940,#941);
#939 = CARTESIAN_POINT('',(65.,-120.0000003,-47.5));
#940 = DIRECTION('',(0.,0.,1.));
#941 = DIRECTION('',(-1.,0.,0.));
#942 = DEFINITIONAL_REPRESENTATION('',(#943),#946);
#943 = B_SPLINE_CURVE_WITH_KNOTS('',1,(#944,#945),.UNSPECIFIED.,.F.,.F.,
  (2,2),(-52.5,77.5),.PIECEWISE_BEZIER_KNOTS.);
#944 = CARTESIAN_POINT('',(130.,-60.0000003));
#945 = CARTESIAN_POINT('',(0.,-60.0000003));
#946 = ( GEOMETRIC_REPRESENTATION_CONTEXT(2) 
PARAMETRIC_REPRESENTATION_CONTEXT() REPRESENTATION_CONTEXT('2D SPACE',''
  ) );
#947 = ORIENTED_EDGE('',*,*,#948,.T.);
#948 = EDGE_CURVE('',#923,#949,#951,.T.);
#949 = VERTEX_POINT('',#950);
#950 = CARTESIAN_POINT('',(65.,-60.,47.5));
#951 = SURFACE_CURVE('',#952,(#956,#962),.PCURVE_S1.);
#952 = LINE('',#953,#954);
#953 = CARTESIAN_POINT('',(65.,-60.,-13.75));
#954 = VECTOR('',#955,1.);
#955 = DIRECTION('',(0.,-0.,1.));
#956 = PCURVE('',#216,#957);
#957 = DEFINITIONAL_REPRESENTATION('',(#958),#961);
#958 = B_SPLINE_CURVE_WITH_KNOTS('',1,(#959,#960),.UNSPECIFIED.,.F.,.F.,
  (2,2),(-33.75,61.25),.PIECEWISE_BEZIER_KNOTS.);
#959 = CARTESIAN_POINT('',(27.5,155.));
#960 = CARTESIAN_POINT('',(122.5,155.));
#961 = ( GEOMETRIC_REPRESENTATION_CONTEXT(2) 
PARAMETRIC_REPRESENTATION_CONTEXT() REPRESENTATION_CONTEXT('2D SPACE',''
  ) );
#962 = PCURVE('',#963,#968);
#963 = PLANE('',#964);
#964 = AXIS2_PLACEMENT_3D('',#965,#966,#967);
#965 = CARTESIAN_POINT('',(65.,-120.0000003,47.5));
#966 = DIRECTION('',(-1.,0.,0.));
#967 = DIRECTION('',(0.,0.,-1.));
#968 = DEFINITIONAL_REPRESENTATION('',(#969),#972);
#969 = B_SPLINE_CURVE_WITH_KNOTS('',1,(#970,#971),.UNSPECIFIED.,.F.,.F.,
  (2,2),(-33.75,61.25),.PIECEWISE_BEZIER_KNOTS.);
#970 = CARTESIAN_POINT('',(95.,-60.0000003));
#971 = CARTESIAN_POINT('',(0.,-60.0000003));
#972 = ( GEOMETRIC_REPRESENTATION_CONTEXT(2) 
PARAMETRIC_REPRESENTATION_CONTEXT() REPRESENTATION_CONTEXT('2D SPACE',''
  ) );
#973 = ORIENTED_EDGE('',*,*,#974,.T.);
#974 = EDGE_CURVE('',#949,#975,#977,.T.);
#975 = VERTEX_POINT('',#976);
#976 = CARTESIAN_POINT('',(60.,-60.,47.5));
#977 = SURFACE_CURVE('',#978,(#982,#988),.PCURVE_S1.);
#978 = LINE('',#979,#980);
#979 = CARTESIAN_POINT('',(-77.5,-60.,47.5));
#980 = VECTOR('',#981,1.);
#981 = DIRECTION('',(-1.,0.,0.));
#982 = PCURVE('',#216,#983);
#983 = DEFINITIONAL_REPRESENTATION('',(#984),#987);
#984 = B_SPLINE_CURVE_WITH_KNOTS('',1,(#985,#986),.UNSPECIFIED.,.F.,.F.,
  (2,2),(-142.5,-12.5),.PIECEWISE_BEZIER_KNOTS.);
#985 = CARTESIAN_POINT('',(122.5,155.));
#986 = CARTESIAN_POINT('',(122.5,25.));
#987 = ( GEOMETRIC_REPRESENTATION_CONTEXT(2) 
PARAMETRIC_REPRESENTATION_CONTEXT() REPRESENTATION_CONTEXT('2D SPACE',''
  ) );
#988 = PCURVE('',#989,#994);
#989 = PLANE('',#990);
#990 = AXIS2_PLACEMENT_3D('',#991,#992,#993);
#991 = CARTESIAN_POINT('',(-65.,-120.0000003,47.5));
#992 = DIRECTION('',(0.,0.,-1.));
#993 = DIRECTION('',(1.,0.,0.));
#994 = DEFINITIONAL_REPRESENTATION('',(#995),#998);
#995 = B_SPLINE_CURVE_WITH_KNOTS('',1,(#996,#997),.UNSPECIFIED.,.F.,.F.,
  (2,2),(-142.5,-12.5),.PIECEWISE_BEZIER_KNOTS.);
#996 = CARTESIAN_POINT('',(130.,-60.0000003));
#997 = CARTESIAN_POINT('',(0.,-60.0000003));
#998 = ( GEOMETRIC_REPRESENTATION_CONTEXT(2) 
PARAMETRIC_REPRESENTATION_CONTEXT() REPRESENTATION_CONTEXT('2D SPACE',''
  ) );
#999 = ORIENTED_EDGE('',*,*,#1000,.T.);
#1000 = EDGE_CURVE('',#975,#817,#1001,.T.);
#1001 = SURFACE_CURVE('',#1002,(#1006,#1012),.PCURVE_S1.);
#1002 = LINE('',#1003,#1004);
#1003 = CARTESIAN_POINT('',(60.,-60.,-42.5));
#1004 = VECTOR('',#1005,1.);
#1005 = DIRECTION('',(-0.,0.,1.));
#1006 = PCURVE('',#216,#1007);
#1007 = DEFINITIONAL_REPRESENTATION('',(#1008),#1011);
#1008 = B_SPLINE_CURVE_WITH_KNOTS('',1,(#1009,#1010),.UNSPECIFIED.,.F.,
  .F.,(2,2),(32.5,112.5),.PIECEWISE_BEZIER_KNOTS.);
#1009 = CARTESIAN_POINT('',(65.,150.));
#1010 = CARTESIAN_POINT('',(145.,150.));
#1011 = ( GEOMETRIC_REPRESENTATION_CONTEXT(2) 
PARAMETRIC_REPRESENTATION_CONTEXT() REPRESENTATION_CONTEXT('2D SPACE',''
  ) );
#1012 = PCURVE('',#1013,#1018);
#1013 = PLANE('',#1014);
#1014 = AXIS2_PLACEMENT_3D('',#1015,#1016,#1017);
#1015 = CARTESIAN_POINT('',(60.,120.0000002,-10.));
#1016 = DIRECTION('',(-1.,0.,-0.));
#1017 = DIRECTION('',(0.,0.,1.));
#1018 = DEFINITIONAL_REPRESENTATION('',(#1019),#1022);
#1019 = B_SPLINE_CURVE_WITH_KNOTS('',1,(#1020,#1021),.UNSPECIFIED.,.F.,
  .F.,(2,2),(32.5,112.5),.PIECEWISE_BEZIER_KNOTS.);
#1020 = CARTESIAN_POINT('',(0.,-180.0000002));
#1021 = CARTESIAN_POINT('',(80.,-180.0000002));
#1022 = ( GEOMETRIC_REPRESENTATION_CONTEXT(2) 
PARAMETRIC_REPRESENTATION_CONTEXT() REPRESENTATION_CONTEXT('2D SPACE',''
  ) );
#1023 = ADVANCED_FACE('',(#1024,#1050),#334,.T.);
#1024 = FACE_BOUND('',#1025,.T.);
#1025 = EDGE_LOOP('',(#1026,#1027,#1028,#1029));
#1026 = ORIENTED_EDGE('',*,*,#618,.F.);
#1027 = ORIENTED_EDGE('',*,*,#764,.T.);
#1028 = ORIENTED_EDGE('',*,*,#318,.T.);
#1029 = ORIENTED_EDGE('',*,*,#1030,.F.);
#1030 = EDGE_CURVE('',#595,#290,#1031,.T.);
#1031 = SURFACE_CURVE('',#1032,(#1036,#1043),.PCURVE_S1.);
#1032 = LINE('',#1033,#1034);
#1033 = CARTESIAN_POINT('',(84.,60.,-75.));
#1034 = VECTOR('',#1035,1.);
#1035 = DIRECTION('',(0.,0.,1.));
#1036 = PCURVE('',#334,#1037);
#1037 = DEFINITIONAL_REPRESENTATION('',(#1038),#1042);
#1038 = LINE('',#1039,#1040);
#1039 = CARTESIAN_POINT('',(0.,174.));
#1040 = VECTOR('',#1041,1.);
#1041 = DIRECTION('',(1.,0.));
#1042 = ( GEOMETRIC_REPRESENTATION_CONTEXT(2) 
PARAMETRIC_REPRESENTATION_CONTEXT() REPRESENTATION_CONTEXT('2D SPACE',''
  ) );
#1043 = PCURVE('',#306,#1044);
#1044 = DEFINITIONAL_REPRESENTATION('',(#1045),#1049);
#1045 = LINE('',#1046,#1047);
#1046 = CARTESIAN_POINT('',(1.570796326795,0.));
#1047 = VECTOR('',#1048,1.);
#1048 = DIRECTION('',(0.,1.));
#1049 = ( GEOMETRIC_REPRESENTATION_CONTEXT(2) 
PARAMETRIC_REPRESENTATION_CONTEXT() REPRESENTATION_CONTEXT('2D SPACE',''
  ) );
#1050 = FACE_BOUND('',#1051,.T.);
#1051 = EDGE_LOOP('',(#1052,#1080,#1106,#1132,#1160,#1188,#1216,#1244));
#1052 = ORIENTED_EDGE('',*,*,#1053,.T.);
#1053 = EDGE_CURVE('',#1054,#1056,#1058,.T.);
#1054 = VERTEX_POINT('',#1055);
#1055 = CARTESIAN_POINT('',(60.,60.,51.5));
#1056 = VERTEX_POINT('',#1057);
#1057 = CARTESIAN_POINT('',(60.,60.,70.));
#1058 = SURFACE_CURVE('',#1059,(#1063,#1069),.PCURVE_S1.);
#1059 = LINE('',#1060,#1061);
#1060 = CARTESIAN_POINT('',(60.,60.,-42.5));
#1061 = VECTOR('',#1062,1.);
#1062 = DIRECTION('',(-0.,0.,1.));
#1063 = PCURVE('',#334,#1064);
#1064 = DEFINITIONAL_REPRESENTATION('',(#1065),#1068);
#1065 = B_SPLINE_CURVE_WITH_KNOTS('',1,(#1066,#1067),.UNSPECIFIED.,.F.,
  .F.,(2,2),(32.5,112.5),.PIECEWISE_BEZIER_KNOTS.);
#1066 = CARTESIAN_POINT('',(65.,150.));
#1067 = CARTESIAN_POINT('',(145.,150.));
#1068 = ( GEOMETRIC_REPRESENTATION_CONTEXT(2) 
PARAMETRIC_REPRESENTATION_CONTEXT() REPRESENTATION_CONTEXT('2D SPACE',''
  ) );
#1069 = PCURVE('',#1070,#1075);
#1070 = PLANE('',#1071);
#1071 = AXIS2_PLACEMENT_3D('',#1072,#1073,#1074);
#1072 = CARTESIAN_POINT('',(60.,120.0000002,-10.));
#1073 = DIRECTION('',(-1.,0.,-0.));
#1074 = DIRECTION('',(0.,0.,1.));
#1075 = DEFINITIONAL_REPRESENTATION('',(#1076),#1079);
#1076 = B_SPLINE_CURVE_WITH_KNOTS('',1,(#1077,#1078),.UNSPECIFIED.,.F.,
  .F.,(2,2),(32.5,112.5),.PIECEWISE_BEZIER_KNOTS.);
#1077 = CARTESIAN_POINT('',(0.,-60.0000002));
#1078 = CARTESIAN_POINT('',(80.,-60.0000002));
#1079 = ( GEOMETRIC_REPRESENTATION_CONTEXT(2) 
PARAMETRIC_REPRESENTATION_CONTEXT() REPRESENTATION_CONTEXT('2D SPACE',''
  ) );
#1080 = ORIENTED_EDGE('',*,*,#1081,.T.);
#1081 = EDGE_CURVE('',#1056,#1082,#1084,.T.);
#1082 = VERTEX_POINT('',#1083);
#1083 = CARTESIAN_POINT('',(-60.,60.,70.));
#1084 = SURFACE_CURVE('',#1085,(#1089,#1095),.PCURVE_S1.);
#1085 = LINE('',#1086,#1087);
#1086 = CARTESIAN_POINT('',(-15.,60.,70.));
#1087 = VECTOR('',#1088,1.);
#1088 = DIRECTION('',(-1.,0.,0.));
#1089 = PCURVE('',#334,#1090);
#1090 = DEFINITIONAL_REPRESENTATION('',(#1091),#1094);
#1091 = B_SPLINE_CURVE_WITH_KNOTS('',1,(#1092,#1093),.UNSPECIFIED.,.F.,
  .F.,(2,2),(-75.,45.),.PIECEWISE_BEZIER_KNOTS.);
#1092 = CARTESIAN_POINT('',(145.,150.));
#1093 = CARTESIAN_POINT('',(145.,30.));
#1094 = ( GEOMETRIC_REPRESENTATION_CONTEXT(2) 
PARAMETRIC_REPRESENTATION_CONTEXT() REPRESENTATION_CONTEXT('2D SPACE',''
  ) );
#1095 = PCURVE('',#1096,#1101);
#1096 = PLANE('',#1097);
#1097 = AXIS2_PLACEMENT_3D('',#1098,#1099,#1100);
#1098 = CARTESIAN_POINT('',(60.,120.0000002,70.));
#1099 = DIRECTION('',(0.,0.,-1.));
#1100 = DIRECTION('',(-1.,0.,-0.));
#1101 = DEFINITIONAL_REPRESENTATION('',(#1102),#1105);
#1102 = B_SPLINE_CURVE_WITH_KNOTS('',1,(#1103,#1104),.UNSPECIFIED.,.F.,
  .F.,(2,2),(-75.,45.),.PIECEWISE_BEZIER_KNOTS.);
#1103 = CARTESIAN_POINT('',(0.,-60.0000002));
#1104 = CARTESIAN_POINT('',(120.,-60.0000002));
#1105 = ( GEOMETRIC_REPRESENTATION_CONTEXT(2) 
PARAMETRIC_REPRESENTATION_CONTEXT() REPRESENTATION_CONTEXT('2D SPACE',''
  ) );
#1106 = ORIENTED_EDGE('',*,*,#1107,.T.);
#1107 = EDGE_CURVE('',#1082,#1108,#1110,.T.);
#1108 = VERTEX_POINT('',#1109);
#1109 = CARTESIAN_POINT('',(-60.,60.,51.5));
#1110 = SURFACE_CURVE('',#1111,(#1115,#1121),.PCURVE_S1.);
#1111 = LINE('',#1112,#1113);
#1112 = CARTESIAN_POINT('',(-60.,60.,-2.5));
#1113 = VECTOR('',#1114,1.);
#1114 = DIRECTION('',(0.,0.,-1.));
#1115 = PCURVE('',#334,#1116);
#1116 = DEFINITIONAL_REPRESENTATION('',(#1117),#1120);
#1117 = B_SPLINE_CURVE_WITH_KNOTS('',1,(#1118,#1119),.UNSPECIFIED.,.F.,
  .F.,(2,2),(-72.5,7.5),.PIECEWISE_BEZIER_KNOTS.);
#1118 = CARTESIAN_POINT('',(145.,30.));
#1119 = CARTESIAN_POINT('',(65.,30.));
#1120 = ( GEOMETRIC_REPRESENTATION_CONTEXT(2) 
PARAMETRIC_REPRESENTATION_CONTEXT() REPRESENTATION_CONTEXT('2D SPACE',''
  ) );
#1121 = PCURVE('',#1122,#1127);
#1122 = PLANE('',#1123);
#1123 = AXIS2_PLACEMENT_3D('',#1124,#1125,#1126);
#1124 = CARTESIAN_POINT('',(-60.,120.0000002,70.));
#1125 = DIRECTION('',(1.,0.,0.));
#1126 = DIRECTION('',(0.,0.,-1.));
#1127 = DEFINITIONAL_REPRESENTATION('',(#1128),#1131);
#1128 = B_SPLINE_CURVE_WITH_KNOTS('',1,(#1129,#1130),.UNSPECIFIED.,.F.,
  .F.,(2,2),(-72.5,7.5),.PIECEWISE_BEZIER_KNOTS.);
#1129 = CARTESIAN_POINT('',(0.,-60.0000002));
#1130 = CARTESIAN_POINT('',(80.,-60.0000002));
#1131 = ( GEOMETRIC_REPRESENTATION_CONTEXT(2) 
PARAMETRIC_REPRESENTATION_CONTEXT() REPRESENTATION_CONTEXT('2D SPACE',''
  ) );
#1132 = ORIENTED_EDGE('',*,*,#1133,.F.);
#1133 = EDGE_CURVE('',#1134,#1108,#1136,.T.);
#1134 = VERTEX_POINT('',#1135);
#1135 = CARTESIAN_POINT('',(-69.,60.,51.5));
#1136 = SURFACE_CURVE('',#1137,(#1141,#1148),.PCURVE_S1.);
#1137 = LINE('',#1138,#1139);
#1138 = CARTESIAN_POINT('',(-69.,60.,51.5));
#1139 = VECTOR('',#1140,1.);
#1140 = DIRECTION('',(1.,0.,0.));
#1141 = PCURVE('',#334,#1142);
#1142 = DEFINITIONAL_REPRESENTATION('',(#1143),#1147);
#1143 = LINE('',#1144,#1145);
#1144 = CARTESIAN_POINT('',(126.5,21.));
#1145 = VECTOR('',#1146,1.);
#1146 = DIRECTION('',(0.,1.));
#1147 = ( GEOMETRIC_REPRESENTATION_CONTEXT(2) 
PARAMETRIC_REPRESENTATION_CONTEXT() REPRESENTATION_CONTEXT('2D SPACE',''
  ) );
#1148 = PCURVE('',#1149,#1154);
#1149 = PLANE('',#1150);
#1150 = AXIS2_PLACEMENT_3D('',#1151,#1152,#1153);
#1151 = CARTESIAN_POINT('',(-69.,60.,51.5));
#1152 = DIRECTION('',(0.,0.,1.));
#1153 = DIRECTION('',(1.,0.,-0.));
#1154 = DEFINITIONAL_REPRESENTATION('',(#1155),#1159);
#1155 = LINE('',#1156,#1157);
#1156 = CARTESIAN_POINT('',(0.,0.));
#1157 = VECTOR('',#1158,1.);
#1158 = DIRECTION('',(1.,0.));
#1159 = ( GEOMETRIC_REPRESENTATION_CONTEXT(2) 
PARAMETRIC_REPRESENTATION_CONTEXT() REPRESENTATION_CONTEXT('2D SPACE',''
  ) );
#1160 = ORIENTED_EDGE('',*,*,#1161,.F.);
#1161 = EDGE_CURVE('',#1162,#1134,#1164,.T.);
#1162 = VERTEX_POINT('',#1163);
#1163 = CARTESIAN_POINT('',(-69.,60.,-51.5));
#1164 = SURFACE_CURVE('',#1165,(#1169,#1176),.PCURVE_S1.);
#1165 = LINE('',#1166,#1167);
#1166 = CARTESIAN_POINT('',(-69.,60.,-51.5));
#1167 = VECTOR('',#1168,1.);
#1168 = DIRECTION('',(0.,0.,1.));
#1169 = PCURVE('',#334,#1170);
#1170 = DEFINITIONAL_REPRESENTATION('',(#1171),#1175);
#1171 = LINE('',#1172,#1173);
#1172 = CARTESIAN_POINT('',(23.5,21.));
#1173 = VECTOR('',#1174,1.);
#1174 = DIRECTION('',(1.,0.));
#1175 = ( GEOMETRIC_REPRESENTATION_CONTEXT(2) 
PARAMETRIC_REPRESENTATION_CONTEXT() REPRESENTATION_CONTEXT('2D SPACE',''
  ) );
#1176 = PCURVE('',#1177,#1182);
#1177 = PLANE('',#1178);
#1178 = AXIS2_PLACEMENT_3D('',#1179,#1180,#1181);
#1179 = CARTESIAN_POINT('',(-69.,60.,-51.5));
#1180 = DIRECTION('',(-1.,0.,0.));
#1181 = DIRECTION('',(0.,0.,1.));
#1182 = DEFINITIONAL_REPRESENTATION('',(#1183),#1187);
#1183 = LINE('',#1184,#1185);
#1184 = CARTESIAN_POINT('',(0.,0.));
#1185 = VECTOR('',#1186,1.);
#1186 = DIRECTION('',(1.,0.));
#1187 = ( GEOMETRIC_REPRESENTATION_CONTEXT(2) 
PARAMETRIC_REPRESENTATION_CONTEXT() REPRESENTATION_CONTEXT('2D SPACE',''
  ) );
#1188 = ORIENTED_EDGE('',*,*,#1189,.F.);
#1189 = EDGE_CURVE('',#1190,#1162,#1192,.T.);
#1190 = VERTEX_POINT('',#1191);
#1191 = CARTESIAN_POINT('',(69.,60.,-51.5));
#1192 = SURFACE_CURVE('',#1193,(#1197,#1204),.PCURVE_S1.);
#1193 = LINE('',#1194,#1195);
#1194 = CARTESIAN_POINT('',(69.,60.,-51.5));
#1195 = VECTOR('',#1196,1.);
#1196 = DIRECTION('',(-1.,0.,0.));
#1197 = PCURVE('',#334,#1198);
#1198 = DEFINITIONAL_REPRESENTATION('',(#1199),#1203);
#1199 = LINE('',#1200,#1201);
#1200 = CARTESIAN_POINT('',(23.5,159.));
#1201 = VECTOR('',#1202,1.);
#1202 = DIRECTION('',(0.,-1.));
#1203 = ( GEOMETRIC_REPRESENTATION_CONTEXT(2) 
PARAMETRIC_REPRESENTATION_CONTEXT() REPRESENTATION_CONTEXT('2D SPACE',''
  ) );
#1204 = PCURVE('',#1205,#1210);
#1205 = PLANE('',#1206);
#1206 = AXIS2_PLACEMENT_3D('',#1207,#1208,#1209);
#1207 = CARTESIAN_POINT('',(69.,60.,-51.5));
#1208 = DIRECTION('',(0.,0.,-1.));
#1209 = DIRECTION('',(-1.,0.,0.));
#1210 = DEFINITIONAL_REPRESENTATION('',(#1211),#1215);
#1211 = LINE('',#1212,#1213);
#1212 = CARTESIAN_POINT('',(0.,0.));
#1213 = VECTOR('',#1214,1.);
#1214 = DIRECTION('',(1.,0.));
#1215 = ( GEOMETRIC_REPRESENTATION_CONTEXT(2) 
PARAMETRIC_REPRESENTATION_CONTEXT() REPRESENTATION_CONTEXT('2D SPACE',''
  ) );
#1216 = ORIENTED_EDGE('',*,*,#1217,.F.);
#1217 = EDGE_CURVE('',#1218,#1190,#1220,.T.);
#1218 = VERTEX_POINT('',#1219);
#1219 = CARTESIAN_POINT('',(69.,60.,51.5));
#1220 = SURFACE_CURVE('',#1221,(#1225,#1232),.PCURVE_S1.);
#1221 = LINE('',#1222,#1223);
#1222 = CARTESIAN_POINT('',(69.,60.,51.5));
#1223 = VECTOR('',#1224,1.);
#1224 = DIRECTION('',(0.,0.,-1.));
#1225 = PCURVE('',#334,#1226);
#1226 = DEFINITIONAL_REPRESENTATION('',(#1227),#1231);
#1227 = LINE('',#1228,#1229);
#1228 = CARTESIAN_POINT('',(126.5,159.));
#1229 = VECTOR('',#1230,1.);
#1230 = DIRECTION('',(-1.,0.));
#1231 = ( GEOMETRIC_REPRESENTATION_CONTEXT(2) 
PARAMETRIC_REPRESENTATION_CONTEXT() REPRESENTATION_CONTEXT('2D SPACE',''
  ) );
#1232 = PCURVE('',#1233,#1238);
#1233 = PLANE('',#1234);
#1234 = AXIS2_PLACEMENT_3D('',#1235,#1236,#1237);
#1235 = CARTESIAN_POINT('',(69.,60.,51.5));
#1236 = DIRECTION('',(1.,-0.,0.));
#1237 = DIRECTION('',(0.,0.,-1.));
#1238 = DEFINITIONAL_REPRESENTATION('',(#1239),#1243);
#1239 = LINE('',#1240,#1241);
#1240 = CARTESIAN_POINT('',(0.,0.));
#1241 = VECTOR('',#1242,1.);
#1242 = DIRECTION('',(1.,0.));
#1243 = ( GEOMETRIC_REPRESENTATION_CONTEXT(2) 
PARAMETRIC_REPRESENTATION_CONTEXT() REPRESENTATION_CONTEXT('2D SPACE',''
  ) );
#1244 = ORIENTED_EDGE('',*,*,#1245,.F.);
#1245 = EDGE_CURVE('',#1054,#1218,#1246,.T.);
#1246 = SURFACE_CURVE('',#1247,(#1251,#1258),.PCURVE_S1.);
#1247 = LINE('',#1248,#1249);
#1248 = CARTESIAN_POINT('',(-69.,60.,51.5));
#1249 = VECTOR('',#1250,1.);
#1250 = DIRECTION('',(1.,0.,0.));
#1251 = PCURVE('',#334,#1252);
#1252 = DEFINITIONAL_REPRESENTATION('',(#1253),#1257);
#1253 = LINE('',#1254,#1255);
#1254 = CARTESIAN_POINT('',(126.5,21.));
#1255 = VECTOR('',#1256,1.);
#1256 = DIRECTION('',(0.,1.));
#1257 = ( GEOMETRIC_REPRESENTATION_CONTEXT(2) 
PARAMETRIC_REPRESENTATION_CONTEXT() REPRESENTATION_CONTEXT('2D SPACE',''
  ) );
#1258 = PCURVE('',#1259,#1264);
#1259 = PLANE('',#1260);
#1260 = AXIS2_PLACEMENT_3D('',#1261,#1262,#1263);
#1261 = CARTESIAN_POINT('',(-69.,60.,51.5));
#1262 = DIRECTION('',(0.,0.,1.));
#1263 = DIRECTION('',(1.,0.,-0.));
#1264 = DEFINITIONAL_REPRESENTATION('',(#1265),#1269);
#1265 = LINE('',#1266,#1267);
#1266 = CARTESIAN_POINT('',(0.,0.));
#1267 = VECTOR('',#1268,1.);
#1268 = DIRECTION('',(1.,0.));
#1269 = ( GEOMETRIC_REPRESENTATION_CONTEXT(2) 
PARAMETRIC_REPRESENTATION_CONTEXT() REPRESENTATION_CONTEXT('2D SPACE',''
  ) );
#1270 = ADVANCED_FACE('',(#1271),#249,.T.);
#1271 = FACE_BOUND('',#1272,.F.);
#1272 = EDGE_LOOP('',(#1273,#1274,#1275,#1276));
#1273 = ORIENTED_EDGE('',*,*,#543,.T.);
#1274 = ORIENTED_EDGE('',*,*,#793,.T.);
#1275 = ORIENTED_EDGE('',*,*,#228,.F.);
#1276 = ORIENTED_EDGE('',*,*,#1277,.F.);
#1277 = EDGE_CURVE('',#544,#229,#1278,.T.);
#1278 = SURFACE_CURVE('',#1279,(#1283,#1290),.PCURVE_S1.);
#1279 = LINE('',#1280,#1281);
#1280 = CARTESIAN_POINT('',(90.,-54.,-75.));
#1281 = VECTOR('',#1282,1.);
#1282 = DIRECTION('',(0.,0.,1.));
#1283 = PCURVE('',#249,#1284);
#1284 = DEFINITIONAL_REPRESENTATION('',(#1285),#1289);
#1285 = LINE('',#1286,#1287);
#1286 = CARTESIAN_POINT('',(-0.,0.));
#1287 = VECTOR('',#1288,1.);
#1288 = DIRECTION('',(-0.,1.));
#1289 = ( GEOMETRIC_REPRESENTATION_CONTEXT(2) 
PARAMETRIC_REPRESENTATION_CONTEXT() REPRESENTATION_CONTEXT('2D SPACE',''
  ) );
#1290 = PCURVE('',#277,#1291);
#1291 = DEFINITIONAL_REPRESENTATION('',(#1292),#1296);
#1292 = LINE('',#1293,#1294);
#1293 = CARTESIAN_POINT('',(0.,-6.));
#1294 = VECTOR('',#1295,1.);
#1295 = DIRECTION('',(1.,0.));
#1296 = ( GEOMETRIC_REPRESENTATION_CONTEXT(2) 
PARAMETRIC_REPRESENTATION_CONTEXT() REPRESENTATION_CONTEXT('2D SPACE',''
  ) );
#1297 = ADVANCED_FACE('',(#1298),#306,.T.);
#1298 = FACE_BOUND('',#1299,.T.);
#1299 = EDGE_LOOP('',(#1300,#1301,#1302,#1303));
#1300 = ORIENTED_EDGE('',*,*,#594,.T.);
#1301 = ORIENTED_EDGE('',*,*,#1030,.T.);
#1302 = ORIENTED_EDGE('',*,*,#289,.F.);
#1303 = ORIENTED_EDGE('',*,*,#1304,.F.);
#1304 = EDGE_CURVE('',#572,#262,#1305,.T.);
#1305 = SURFACE_CURVE('',#1306,(#1310,#1317),.PCURVE_S1.);
#1306 = LINE('',#1307,#1308);
#1307 = CARTESIAN_POINT('',(90.,54.,-75.));
#1308 = VECTOR('',#1309,1.);
#1309 = DIRECTION('',(0.,0.,1.));
#1310 = PCURVE('',#306,#1311);
#1311 = DEFINITIONAL_REPRESENTATION('',(#1312),#1316);
#1312 = LINE('',#1313,#1314);
#1313 = CARTESIAN_POINT('',(0.,0.));
#1314 = VECTOR('',#1315,1.);
#1315 = DIRECTION('',(0.,1.));
#1316 = ( GEOMETRIC_REPRESENTATION_CONTEXT(2) 
PARAMETRIC_REPRESENTATION_CONTEXT() REPRESENTATION_CONTEXT('2D SPACE',''
  ) );
#1317 = PCURVE('',#277,#1318);
#1318 = DEFINITIONAL_REPRESENTATION('',(#1319),#1323);
#1319 = LINE('',#1320,#1321);
#1320 = CARTESIAN_POINT('',(0.,-114.));
#1321 = VECTOR('',#1322,1.);
#1322 = DIRECTION('',(1.,0.));
#1323 = ( GEOMETRIC_REPRESENTATION_CONTEXT(2) 
PARAMETRIC_REPRESENTATION_CONTEXT() REPRESENTATION_CONTEXT('2D SPACE',''
  ) );
#1324 = ADVANCED_FACE('',(#1325),#277,.T.);
#1325 = FACE_BOUND('',#1326,.T.);
#1326 = EDGE_LOOP('',(#1327,#1328,#1329,#1330));
#1327 = ORIENTED_EDGE('',*,*,#261,.F.);
#1328 = ORIENTED_EDGE('',*,*,#1277,.F.);
#1329 = ORIENTED_EDGE('',*,*,#571,.T.);
#1330 = ORIENTED_EDGE('',*,*,#1304,.T.);
#1331 = ADVANCED_FACE('',(#1332),#391,.F.);
#1332 = FACE_BOUND('',#1333,.F.);
#1333 = EDGE_LOOP('',(#1334,#1335,#1358,#1385));
#1334 = ORIENTED_EDGE('',*,*,#374,.F.);
#1335 = ORIENTED_EDGE('',*,*,#1336,.F.);
#1336 = EDGE_CURVE('',#1337,#375,#1339,.T.);
#1337 = VERTEX_POINT('',#1338);
#1338 = CARTESIAN_POINT('',(-32.,-20.,71.5));
#1339 = SEAM_CURVE('',#1340,(#1344,#1351),.PCURVE_S1.);
#1340 = LINE('',#1341,#1342);
#1341 = CARTESIAN_POINT('',(-32.,-20.,-75.));
#1342 = VECTOR('',#1343,1.);
#1343 = DIRECTION('',(0.,0.,1.));
#1344 = PCURVE('',#391,#1345);
#1345 = DEFINITIONAL_REPRESENTATION('',(#1346),#1350);
#1346 = LINE('',#1347,#1348);
#1347 = CARTESIAN_POINT('',(6.28318530718,-0.));
#1348 = VECTOR('',#1349,1.);
#1349 = DIRECTION('',(0.,1.));
#1350 = ( GEOMETRIC_REPRESENTATION_CONTEXT(2) 
PARAMETRIC_REPRESENTATION_CONTEXT() REPRESENTATION_CONTEXT('2D SPACE',''
  ) );
#1351 = PCURVE('',#391,#1352);
#1352 = DEFINITIONAL_REPRESENTATION('',(#1353),#1357);
#1353 = LINE('',#1354,#1355);
#1354 = CARTESIAN_POINT('',(0.,-0.));
#1355 = VECTOR('',#1356,1.);
#1356 = DIRECTION('',(0.,1.));
#1357 = ( GEOMETRIC_REPRESENTATION_CONTEXT(2) 
PARAMETRIC_REPRESENTATION_CONTEXT() REPRESENTATION_CONTEXT('2D SPACE',''
  ) );
#1358 = ORIENTED_EDGE('',*,*,#1359,.T.);
#1359 = EDGE_CURVE('',#1337,#1337,#1360,.T.);
#1360 = SURFACE_CURVE('',#1361,(#1366,#1373),.PCURVE_S1.);
#1361 = CIRCLE('',#1362,7.);
#1362 = AXIS2_PLACEMENT_3D('',#1363,#1364,#1365);
#1363 = CARTESIAN_POINT('',(-25.,-20.,71.5));
#1364 = DIRECTION('',(0.,0.,1.));
#1365 = DIRECTION('',(-1.,0.,0.));
#1366 = PCURVE('',#391,#1367);
#1367 = DEFINITIONAL_REPRESENTATION('',(#1368),#1372);
#1368 = LINE('',#1369,#1370);
#1369 = CARTESIAN_POINT('',(0.,146.5));
#1370 = VECTOR('',#1371,1.);
#1371 = DIRECTION('',(1.,0.));
#1372 = ( GEOMETRIC_REPRESENTATION_CONTEXT(2) 
PARAMETRIC_REPRESENTATION_CONTEXT() REPRESENTATION_CONTEXT('2D SPACE',''
  ) );
#1373 = PCURVE('',#1374,#1379);
#1374 = PLANE('',#1375);
#1375 = AXIS2_PLACEMENT_3D('',#1376,#1377,#1378);
#1376 = CARTESIAN_POINT('',(-90.,-60.,71.5));
#1377 = DIRECTION('',(0.,0.,1.));
#1378 = DIRECTION('',(1.,0.,0.));
#1379 = DEFINITIONAL_REPRESENTATION('',(#1380),#1384);
#1380 = CIRCLE('',#1381,7.);
#1381 = AXIS2_PLACEMENT_2D('',#1382,#1383);
#1382 = CARTESIAN_POINT('',(65.,40.));
#1383 = DIRECTION('',(-1.,0.));
#1384 = ( GEOMETRIC_REPRESENTATION_CONTEXT(2) 
PARAMETRIC_REPRESENTATION_CONTEXT() REPRESENTATION_CONTEXT('2D SPACE',''
  ) );
#1385 = ORIENTED_EDGE('',*,*,#1336,.T.);
#1386 = ADVANCED_FACE('',(#1387),#422,.F.);
#1387 = FACE_BOUND('',#1388,.F.);
#1388 = EDGE_LOOP('',(#1389,#1390,#1413,#1435));
#1389 = ORIENTED_EDGE('',*,*,#405,.F.);
#1390 = ORIENTED_EDGE('',*,*,#1391,.F.);
#1391 = EDGE_CURVE('',#1392,#406,#1394,.T.);
#1392 = VERTEX_POINT('',#1393);
#1393 = CARTESIAN_POINT('',(18.,-20.,71.5));
#1394 = SEAM_CURVE('',#1395,(#1399,#1406),.PCURVE_S1.);
#1395 = LINE('',#1396,#1397);
#1396 = CARTESIAN_POINT('',(18.,-20.,-75.));
#1397 = VECTOR('',#1398,1.);
#1398 = DIRECTION('',(0.,0.,1.));
#1399 = PCURVE('',#422,#1400);
#1400 = DEFINITIONAL_REPRESENTATION('',(#1401),#1405);
#1401 = LINE('',#1402,#1403);
#1402 = CARTESIAN_POINT('',(6.28318530718,-0.));
#1403 = VECTOR('',#1404,1.);
#1404 = DIRECTION('',(0.,1.));
#1405 = ( GEOMETRIC_REPRESENTATION_CONTEXT(2) 
PARAMETRIC_REPRESENTATION_CONTEXT() REPRESENTATION_CONTEXT('2D SPACE',''
  ) );
#1406 = PCURVE('',#422,#1407);
#1407 = DEFINITIONAL_REPRESENTATION('',(#1408),#1412);
#1408 = LINE('',#1409,#1410);
#1409 = CARTESIAN_POINT('',(0.,-0.));
#1410 = VECTOR('',#1411,1.);
#1411 = DIRECTION('',(0.,1.));
#1412 = ( GEOMETRIC_REPRESENTATION_CONTEXT(2) 
PARAMETRIC_REPRESENTATION_CONTEXT() REPRESENTATION_CONTEXT('2D SPACE',''
  ) );
#1413 = ORIENTED_EDGE('',*,*,#1414,.T.);
#1414 = EDGE_CURVE('',#1392,#1392,#1415,.T.);
#1415 = SURFACE_CURVE('',#1416,(#1421,#1428),.PCURVE_S1.);
#1416 = CIRCLE('',#1417,7.);
#1417 = AXIS2_PLACEMENT_3D('',#1418,#1419,#1420);
#1418 = CARTESIAN_POINT('',(25.,-20.,71.5));
#1419 = DIRECTION('',(0.,0.,1.));
#1420 = DIRECTION('',(-1.,0.,0.));
#1421 = PCURVE('',#422,#1422);
#1422 = DEFINITIONAL_REPRESENTATION('',(#1423),#1427);
#1423 = LINE('',#1424,#1425);
#1424 = CARTESIAN_POINT('',(0.,146.5));
#1425 = VECTOR('',#1426,1.);
#1426 = DIRECTION('',(1.,0.));
#1427 = ( GEOMETRIC_REPRESENTATION_CONTEXT(2) 
PARAMETRIC_REPRESENTATION_CONTEXT() REPRESENTATION_CONTEXT('2D SPACE',''
  ) );
#1428 = PCURVE('',#1374,#1429);
#1429 = DEFINITIONAL_REPRESENTATION('',(#1430),#1434);
#1430 = CIRCLE('',#1431,7.);
#1431 = AXIS2_PLACEMENT_2D('',#1432,#1433);
#1432 = CARTESIAN_POINT('',(115.,40.));
#1433 = DIRECTION('',(-1.,0.));
#1434 = ( GEOMETRIC_REPRESENTATION_CONTEXT(2) 
PARAMETRIC_REPRESENTATION_CONTEXT() REPRESENTATION_CONTEXT('2D SPACE',''
  ) );
#1435 = ORIENTED_EDGE('',*,*,#1391,.T.);
#1436 = ADVANCED_FACE('',(#1437),#453,.F.);
#1437 = FACE_BOUND('',#1438,.F.);
#1438 = EDGE_LOOP('',(#1439,#1440,#1463,#1485));
#1439 = ORIENTED_EDGE('',*,*,#436,.F.);
#1440 = ORIENTED_EDGE('',*,*,#1441,.F.);
#1441 = EDGE_CURVE('',#1442,#437,#1444,.T.);
#1442 = VERTEX_POINT('',#1443);
#1443 = CARTESIAN_POINT('',(-6.,20.,71.5));
#1444 = SEAM_CURVE('',#1445,(#1449,#1456),.PCURVE_S1.);
#1445 = LINE('',#1446,#1447);
#1446 = CARTESIAN_POINT('',(-6.,20.,-75.));
#1447 = VECTOR('',#1448,1.);
#1448 = DIRECTION('',(0.,0.,1.));
#1449 = PCURVE('',#453,#1450);
#1450 = DEFINITIONAL_REPRESENTATION('',(#1451),#1455);
#1451 = LINE('',#1452,#1453);
#1452 = CARTESIAN_POINT('',(6.28318530718,-0.));
#1453 = VECTOR('',#1454,1.);
#1454 = DIRECTION('',(0.,1.));
#1455 = ( GEOMETRIC_REPRESENTATION_CONTEXT(2) 
PARAMETRIC_REPRESENTATION_CONTEXT() REPRESENTATION_CONTEXT('2D SPACE',''
  ) );
#1456 = PCURVE('',#453,#1457);
#1457 = DEFINITIONAL_REPRESENTATION('',(#1458),#1462);
#1458 = LINE('',#1459,#1460);
#1459 = CARTESIAN_POINT('',(0.,-0.));
#1460 = VECTOR('',#1461,1.);
#1461 = DIRECTION('',(0.,1.));
#1462 = ( GEOMETRIC_REPRESENTATION_CONTEXT(2) 
PARAMETRIC_REPRESENTATION_CONTEXT() REPRESENTATION_CONTEXT('2D SPACE',''
  ) );
#1463 = ORIENTED_EDGE('',*,*,#1464,.T.);
#1464 = EDGE_CURVE('',#1442,#1442,#1465,.T.);
#1465 = SURFACE_CURVE('',#1466,(#1471,#1478),.PCURVE_S1.);
#1466 = CIRCLE('',#1467,6.);
#1467 = AXIS2_PLACEMENT_3D('',#1468,#1469,#1470);
#1468 = CARTESIAN_POINT('',(0.,20.,71.5));
#1469 = DIRECTION('',(0.,0.,1.));
#1470 = DIRECTION('',(-1.,0.,0.));
#1471 = PCURVE('',#453,#1472);
#1472 = DEFINITIONAL_REPRESENTATION('',(#1473),#1477);
#1473 = LINE('',#1474,#1475);
#1474 = CARTESIAN_POINT('',(0.,146.5));
#1475 = VECTOR('',#1476,1.);
#1476 = DIRECTION('',(1.,0.));
#1477 = ( GEOMETRIC_REPRESENTATION_CONTEXT(2) 
PARAMETRIC_REPRESENTATION_CONTEXT() REPRESENTATION_CONTEXT('2D SPACE',''
  ) );
#1478 = PCURVE('',#1374,#1479);
#1479 = DEFINITIONAL_REPRESENTATION('',(#1480),#1484);
#1480 = CIRCLE('',#1481,6.);
#1481 = AXIS2_PLACEMENT_2D('',#1482,#1483);
#1482 = CARTESIAN_POINT('',(90.,80.));
#1483 = DIRECTION('',(-1.,0.));
#1484 = ( GEOMETRIC_REPRESENTATION_CONTEXT(2) 
PARAMETRIC_REPRESENTATION_CONTEXT() REPRESENTATION_CONTEXT('2D SPACE',''
  ) );
#1485 = ORIENTED_EDGE('',*,*,#1441,.T.);
#1486 = ADVANCED_FACE('',(#1487),#686,.F.);
#1487 = FACE_BOUND('',#1488,.F.);
#1488 = EDGE_LOOP('',(#1489,#1518,#1539,#1540));
#1489 = ORIENTED_EDGE('',*,*,#1490,.F.);
#1490 = EDGE_CURVE('',#1491,#1491,#1493,.T.);
#1491 = VERTEX_POINT('',#1492);
#1492 = CARTESIAN_POINT('',(-32.,-20.,-71.5));
#1493 = SURFACE_CURVE('',#1494,(#1499,#1506),.PCURVE_S1.);
#1494 = CIRCLE('',#1495,7.);
#1495 = AXIS2_PLACEMENT_3D('',#1496,#1497,#1498);
#1496 = CARTESIAN_POINT('',(-25.,-20.,-71.5));
#1497 = DIRECTION('',(0.,0.,1.));
#1498 = DIRECTION('',(-1.,0.,0.));
#1499 = PCURVE('',#686,#1500);
#1500 = DEFINITIONAL_REPRESENTATION('',(#1501),#1505);
#1501 = LINE('',#1502,#1503);
#1502 = CARTESIAN_POINT('',(0.,3.5));
#1503 = VECTOR('',#1504,1.);
#1504 = DIRECTION('',(1.,0.));
#1505 = ( GEOMETRIC_REPRESENTATION_CONTEXT(2) 
PARAMETRIC_REPRESENTATION_CONTEXT() REPRESENTATION_CONTEXT('2D SPACE',''
  ) );
#1506 = PCURVE('',#1507,#1512);
#1507 = PLANE('',#1508);
#1508 = AXIS2_PLACEMENT_3D('',#1509,#1510,#1511);
#1509 = CARTESIAN_POINT('',(-90.,-60.,-71.5));
#1510 = DIRECTION('',(0.,0.,1.));
#1511 = DIRECTION('',(1.,0.,0.));
#1512 = DEFINITIONAL_REPRESENTATION('',(#1513),#1517);
#1513 = CIRCLE('',#1514,7.);
#1514 = AXIS2_PLACEMENT_2D('',#1515,#1516);
#1515 = CARTESIAN_POINT('',(65.,40.));
#1516 = DIRECTION('',(-1.,0.));
#1517 = ( GEOMETRIC_REPRESENTATION_CONTEXT(2) 
PARAMETRIC_REPRESENTATION_CONTEXT() REPRESENTATION_CONTEXT('2D SPACE',''
  ) );
#1518 = ORIENTED_EDGE('',*,*,#1519,.F.);
#1519 = EDGE_CURVE('',#670,#1491,#1520,.T.);
#1520 = SEAM_CURVE('',#1521,(#1525,#1532),.PCURVE_S1.);
#1521 = LINE('',#1522,#1523);
#1522 = CARTESIAN_POINT('',(-32.,-20.,-75.));
#1523 = VECTOR('',#1524,1.);
#1524 = DIRECTION('',(0.,0.,1.));
#1525 = PCURVE('',#686,#1526);
#1526 = DEFINITIONAL_REPRESENTATION('',(#1527),#1531);
#1527 = LINE('',#1528,#1529);
#1528 = CARTESIAN_POINT('',(6.28318530718,-0.));
#1529 = VECTOR('',#1530,1.);
#1530 = DIRECTION('',(0.,1.));
#1531 = ( GEOMETRIC_REPRESENTATION_CONTEXT(2) 
PARAMETRIC_REPRESENTATION_CONTEXT() REPRESENTATION_CONTEXT('2D SPACE',''
  ) );
#1532 = PCURVE('',#686,#1533);
#1533 = DEFINITIONAL_REPRESENTATION('',(#1534),#1538);
#1534 = LINE('',#1535,#1536);
#1535 = CARTESIAN_POINT('',(0.,-0.));
#1536 = VECTOR('',#1537,1.);
#1537 = DIRECTION('',(0.,1.));
#1538 = ( GEOMETRIC_REPRESENTATION_CONTEXT(2) 
PARAMETRIC_REPRESENTATION_CONTEXT() REPRESENTATION_CONTEXT('2D SPACE',''
  ) );
#1539 = ORIENTED_EDGE('',*,*,#669,.T.);
#1540 = ORIENTED_EDGE('',*,*,#1519,.T.);
#1541 = ADVANCED_FACE('',(#1542),#717,.F.);
#1542 = FACE_BOUND('',#1543,.F.);
#1543 = EDGE_LOOP('',(#1544,#1568,#1589,#1590));
#1544 = ORIENTED_EDGE('',*,*,#1545,.F.);
#1545 = EDGE_CURVE('',#1546,#1546,#1548,.T.);
#1546 = VERTEX_POINT('',#1547);
#1547 = CARTESIAN_POINT('',(18.,-20.,-71.5));
#1548 = SURFACE_CURVE('',#1549,(#1554,#1561),.PCURVE_S1.);
#1549 = CIRCLE('',#1550,7.);
#1550 = AXIS2_PLACEMENT_3D('',#1551,#1552,#1553);
#1551 = CARTESIAN_POINT('',(25.,-20.,-71.5));
#1552 = DIRECTION('',(0.,0.,1.));
#1553 = DIRECTION('',(-1.,0.,0.));
#1554 = PCURVE('',#717,#1555);
#1555 = DEFINITIONAL_REPRESENTATION('',(#1556),#1560);
#1556 = LINE('',#1557,#1558);
#1557 = CARTESIAN_POINT('',(0.,3.5));
#1558 = VECTOR('',#1559,1.);
#1559 = DIRECTION('',(1.,0.));
#1560 = ( GEOMETRIC_REPRESENTATION_CONTEXT(2) 
PARAMETRIC_REPRESENTATION_CONTEXT() REPRESENTATION_CONTEXT('2D SPACE',''
  ) );
#1561 = PCURVE('',#1507,#1562);
#1562 = DEFINITIONAL_REPRESENTATION('',(#1563),#1567);
#1563 = CIRCLE('',#1564,7.);
#1564 = AXIS2_PLACEMENT_2D('',#1565,#1566);
#1565 = CARTESIAN_POINT('',(115.,40.));
#1566 = DIRECTION('',(-1.,0.));
#1567 = ( GEOMETRIC_REPRESENTATION_CONTEXT(2) 
PARAMETRIC_REPRESENTATION_CONTEXT() REPRESENTATION_CONTEXT('2D SPACE',''
  ) );
#1568 = ORIENTED_EDGE('',*,*,#1569,.F.);
#1569 = EDGE_CURVE('',#701,#1546,#1570,.T.);
#1570 = SEAM_CURVE('',#1571,(#1575,#1582),.PCURVE_S1.);
#1571 = LINE('',#1572,#1573);
#1572 = CARTESIAN_POINT('',(18.,-20.,-75.));
#1573 = VECTOR('',#1574,1.);
#1574 = DIRECTION('',(0.,0.,1.));
#1575 = PCURVE('',#717,#1576);
#1576 = DEFINITIONAL_REPRESENTATION('',(#1577),#1581);
#1577 = LINE('',#1578,#1579);
#1578 = CARTESIAN_POINT('',(6.28318530718,-0.));
#1579 = VECTOR('',#1580,1.);
#1580 = DIRECTION('',(0.,1.));
#1581 = ( GEOMETRIC_REPRESENTATION_CONTEXT(2) 
PARAMETRIC_REPRESENTATION_CONTEXT() REPRESENTATION_CONTEXT('2D SPACE',''
  ) );
#1582 = PCURVE('',#717,#1583);
#1583 = DEFINITIONAL_REPRESENTATION('',(#1584),#1588);
#1584 = LINE('',#1585,#1586);
#1585 = CARTESIAN_POINT('',(0.,-0.));
#1586 = VECTOR('',#1587,1.);
#1587 = DIRECTION('',(0.,1.));
#1588 = ( GEOMETRIC_REPRESENTATION_CONTEXT(2) 
PARAMETRIC_REPRESENTATION_CONTEXT() REPRESENTATION_CONTEXT('2D SPACE',''
  ) );
#1589 = ORIENTED_EDGE('',*,*,#700,.T.);
#1590 = ORIENTED_EDGE('',*,*,#1569,.T.);
#1591 = ADVANCED_FACE('',(#1592),#748,.F.);
#1592 = FACE_BOUND('',#1593,.F.);
#1593 = EDGE_LOOP('',(#1594,#1618,#1639,#1640));
#1594 = ORIENTED_EDGE('',*,*,#1595,.F.);
#1595 = EDGE_CURVE('',#1596,#1596,#1598,.T.);
#1596 = VERTEX_POINT('',#1597);
#1597 = CARTESIAN_POINT('',(-6.,20.,-71.5));
#1598 = SURFACE_CURVE('',#1599,(#1604,#1611),.PCURVE_S1.);
#1599 = CIRCLE('',#1600,6.);
#1600 = AXIS2_PLACEMENT_3D('',#1601,#1602,#1603);
#1601 = CARTESIAN_POINT('',(0.,20.,-71.5));
#1602 = DIRECTION('',(0.,0.,1.));
#1603 = DIRECTION('',(-1.,0.,0.));
#1604 = PCURVE('',#748,#1605);
#1605 = DEFINITIONAL_REPRESENTATION('',(#1606),#1610);
#1606 = LINE('',#1607,#1608);
#1607 = CARTESIAN_POINT('',(0.,3.5));
#1608 = VECTOR('',#1609,1.);
#1609 = DIRECTION('',(1.,0.));
#1610 = ( GEOMETRIC_REPRESENTATION_CONTEXT(2) 
PARAMETRIC_REPRESENTATION_CONTEXT() REPRESENTATION_CONTEXT('2D SPACE',''
  ) );
#1611 = PCURVE('',#1507,#1612);
#1612 = DEFINITIONAL_REPRESENTATION('',(#1613),#1617);
#1613 = CIRCLE('',#1614,6.);
#1614 = AXIS2_PLACEMENT_2D('',#1615,#1616);
#1615 = CARTESIAN_POINT('',(90.,80.));
#1616 = DIRECTION('',(-1.,0.));
#1617 = ( GEOMETRIC_REPRESENTATION_CONTEXT(2) 
PARAMETRIC_REPRESENTATION_CONTEXT() REPRESENTATION_CONTEXT('2D SPACE',''
  ) );
#1618 = ORIENTED_EDGE('',*,*,#1619,.F.);
#1619 = EDGE_CURVE('',#732,#1596,#1620,.T.);
#1620 = SEAM_CURVE('',#1621,(#1625,#1632),.PCURVE_S1.);
#1621 = LINE('',#1622,#1623);
#1622 = CARTESIAN_POINT('',(-6.,20.,-75.));
#1623 = VECTOR('',#1624,1.);
#1624 = DIRECTION('',(0.,0.,1.));
#1625 = PCURVE('',#748,#1626);
#1626 = DEFINITIONAL_REPRESENTATION('',(#1627),#1631);
#1627 = LINE('',#1628,#1629);
#1628 = CARTESIAN_POINT('',(6.28318530718,-0.));
#1629 = VECTOR('',#1630,1.);
#1630 = DIRECTION('',(0.,1.));
#1631 = ( GEOMETRIC_REPRESENTATION_CONTEXT(2) 
PARAMETRIC_REPRESENTATION_CONTEXT() REPRESENTATION_CONTEXT('2D SPACE',''
  ) );
#1632 = PCURVE('',#748,#1633);
#1633 = DEFINITIONAL_REPRESENTATION('',(#1634),#1638);
#1634 = LINE('',#1635,#1636);
#1635 = CARTESIAN_POINT('',(0.,-0.));
#1636 = VECTOR('',#1637,1.);
#1637 = DIRECTION('',(0.,1.));
#1638 = ( GEOMETRIC_REPRESENTATION_CONTEXT(2) 
PARAMETRIC_REPRESENTATION_CONTEXT() REPRESENTATION_CONTEXT('2D SPACE',''
  ) );
#1639 = ORIENTED_EDGE('',*,*,#731,.T.);
#1640 = ORIENTED_EDGE('',*,*,#1619,.T.);
#1641 = ADVANCED_FACE('',(#1642),#833,.T.);
#1642 = FACE_BOUND('',#1643,.T.);
#1643 = EDGE_LOOP('',(#1644,#1672,#1693,#1694));
#1644 = ORIENTED_EDGE('',*,*,#1645,.F.);
#1645 = EDGE_CURVE('',#1646,#1648,#1650,.T.);
#1646 = VERTEX_POINT('',#1647);
#1647 = CARTESIAN_POINT('',(60.,-56.5,70.));
#1648 = VERTEX_POINT('',#1649);
#1649 = CARTESIAN_POINT('',(-60.,-56.5,70.));
#1650 = SURFACE_CURVE('',#1651,(#1655,#1661),.PCURVE_S1.);
#1651 = LINE('',#1652,#1653);
#1652 = CARTESIAN_POINT('',(-15.,-56.5,70.));
#1653 = VECTOR('',#1654,1.);
#1654 = DIRECTION('',(-1.,0.,0.));
#1655 = PCURVE('',#833,#1656);
#1656 = DEFINITIONAL_REPRESENTATION('',(#1657),#1660);
#1657 = B_SPLINE_CURVE_WITH_KNOTS('',1,(#1658,#1659),.UNSPECIFIED.,.F.,
  .F.,(2,2),(-75.,45.),.PIECEWISE_BEZIER_KNOTS.);
#1658 = CARTESIAN_POINT('',(0.,-176.5000002));
#1659 = CARTESIAN_POINT('',(120.,-176.5000002));
#1660 = ( GEOMETRIC_REPRESENTATION_CONTEXT(2) 
PARAMETRIC_REPRESENTATION_CONTEXT() REPRESENTATION_CONTEXT('2D SPACE',''
  ) );
#1661 = PCURVE('',#1662,#1667);
#1662 = PLANE('',#1663);
#1663 = AXIS2_PLACEMENT_3D('',#1664,#1665,#1666);
#1664 = CARTESIAN_POINT('',(-90.,-56.5,-75.));
#1665 = DIRECTION('',(0.,1.,0.));
#1666 = DIRECTION('',(0.,0.,1.));
#1667 = DEFINITIONAL_REPRESENTATION('',(#1668),#1671);
#1668 = B_SPLINE_CURVE_WITH_KNOTS('',1,(#1669,#1670),.UNSPECIFIED.,.F.,
  .F.,(2,2),(-75.,45.),.PIECEWISE_BEZIER_KNOTS.);
#1669 = CARTESIAN_POINT('',(145.,150.));
#1670 = CARTESIAN_POINT('',(145.,30.));
#1671 = ( GEOMETRIC_REPRESENTATION_CONTEXT(2) 
PARAMETRIC_REPRESENTATION_CONTEXT() REPRESENTATION_CONTEXT('2D SPACE',''
  ) );
#1672 = ORIENTED_EDGE('',*,*,#1673,.T.);
#1673 = EDGE_CURVE('',#1646,#817,#1674,.T.);
#1674 = SURFACE_CURVE('',#1675,(#1679,#1686),.PCURVE_S1.);
#1675 = LINE('',#1676,#1677);
#1676 = CARTESIAN_POINT('',(60.,120.0000002,70.));
#1677 = VECTOR('',#1678,1.);
#1678 = DIRECTION('',(0.,-1.,0.));
#1679 = PCURVE('',#833,#1680);
#1680 = DEFINITIONAL_REPRESENTATION('',(#1681),#1685);
#1681 = LINE('',#1682,#1683);
#1682 = CARTESIAN_POINT('',(0.,0.));
#1683 = VECTOR('',#1684,1.);
#1684 = DIRECTION('',(0.,-1.));
#1685 = ( GEOMETRIC_REPRESENTATION_CONTEXT(2) 
PARAMETRIC_REPRESENTATION_CONTEXT() REPRESENTATION_CONTEXT('2D SPACE',''
  ) );
#1686 = PCURVE('',#1013,#1687);
#1687 = DEFINITIONAL_REPRESENTATION('',(#1688),#1692);
#1688 = LINE('',#1689,#1690);
#1689 = CARTESIAN_POINT('',(80.,0.));
#1690 = VECTOR('',#1691,1.);
#1691 = DIRECTION('',(0.,-1.));
#1692 = ( GEOMETRIC_REPRESENTATION_CONTEXT(2) 
PARAMETRIC_REPRESENTATION_CONTEXT() REPRESENTATION_CONTEXT('2D SPACE',''
  ) );
#1693 = ORIENTED_EDGE('',*,*,#816,.T.);
#1694 = ORIENTED_EDGE('',*,*,#1695,.F.);
#1695 = EDGE_CURVE('',#1648,#819,#1696,.T.);
#1696 = SURFACE_CURVE('',#1697,(#1701,#1708),.PCURVE_S1.);
#1697 = LINE('',#1698,#1699);
#1698 = CARTESIAN_POINT('',(-60.,120.0000002,70.));
#1699 = VECTOR('',#1700,1.);
#1700 = DIRECTION('',(0.,-1.,0.));
#1701 = PCURVE('',#833,#1702);
#1702 = DEFINITIONAL_REPRESENTATION('',(#1703),#1707);
#1703 = LINE('',#1704,#1705);
#1704 = CARTESIAN_POINT('',(120.,0.));
#1705 = VECTOR('',#1706,1.);
#1706 = DIRECTION('',(0.,-1.));
#1707 = ( GEOMETRIC_REPRESENTATION_CONTEXT(2) 
PARAMETRIC_REPRESENTATION_CONTEXT() REPRESENTATION_CONTEXT('2D SPACE',''
  ) );
#1708 = PCURVE('',#859,#1709);
#1709 = DEFINITIONAL_REPRESENTATION('',(#1710),#1714);
#1710 = LINE('',#1711,#1712);
#1711 = CARTESIAN_POINT('',(0.,0.));
#1712 = VECTOR('',#1713,1.);
#1713 = DIRECTION('',(0.,-1.));
#1714 = ( GEOMETRIC_REPRESENTATION_CONTEXT(2) 
PARAMETRIC_REPRESENTATION_CONTEXT() REPRESENTATION_CONTEXT('2D SPACE',''
  ) );
#1715 = ADVANCED_FACE('',(#1716),#1013,.T.);
#1716 = FACE_BOUND('',#1717,.T.);
#1717 = EDGE_LOOP('',(#1718,#1739,#1758,#1759));
#1718 = ORIENTED_EDGE('',*,*,#1719,.F.);
#1719 = EDGE_CURVE('',#1720,#1646,#1722,.T.);
#1720 = VERTEX_POINT('',#1721);
#1721 = CARTESIAN_POINT('',(60.,-56.5,47.5));
#1722 = SURFACE_CURVE('',#1723,(#1727,#1733),.PCURVE_S1.);
#1723 = LINE('',#1724,#1725);
#1724 = CARTESIAN_POINT('',(60.,-56.5,-42.5));
#1725 = VECTOR('',#1726,1.);
#1726 = DIRECTION('',(-0.,0.,1.));
#1727 = PCURVE('',#1013,#1728);
#1728 = DEFINITIONAL_REPRESENTATION('',(#1729),#1732);
#1729 = B_SPLINE_CURVE_WITH_KNOTS('',1,(#1730,#1731),.UNSPECIFIED.,.F.,
  .F.,(2,2),(32.5,112.5),.PIECEWISE_BEZIER_KNOTS.);
#1730 = CARTESIAN_POINT('',(0.,-176.5000002));
#1731 = CARTESIAN_POINT('',(80.,-176.5000002));
#1732 = ( GEOMETRIC_REPRESENTATION_CONTEXT(2) 
PARAMETRIC_REPRESENTATION_CONTEXT() REPRESENTATION_CONTEXT('2D SPACE',''
  ) );
#1733 = PCURVE('',#1662,#1734);
#1734 = DEFINITIONAL_REPRESENTATION('',(#1735),#1738);
#1735 = B_SPLINE_CURVE_WITH_KNOTS('',1,(#1736,#1737),.UNSPECIFIED.,.F.,
  .F.,(2,2),(32.5,112.5),.PIECEWISE_BEZIER_KNOTS.);
#1736 = CARTESIAN_POINT('',(65.,150.));
#1737 = CARTESIAN_POINT('',(145.,150.));
#1738 = ( GEOMETRIC_REPRESENTATION_CONTEXT(2) 
PARAMETRIC_REPRESENTATION_CONTEXT() REPRESENTATION_CONTEXT('2D SPACE',''
  ) );
#1739 = ORIENTED_EDGE('',*,*,#1740,.T.);
#1740 = EDGE_CURVE('',#1720,#975,#1741,.T.);
#1741 = SURFACE_CURVE('',#1742,(#1746,#1752),.PCURVE_S1.);
#1742 = LINE('',#1743,#1744);
#1743 = CARTESIAN_POINT('',(60.,-5.000001124245E-08,47.5));
#1744 = VECTOR('',#1745,1.);
#1745 = DIRECTION('',(0.,-1.,-0.));
#1746 = PCURVE('',#1013,#1747);
#1747 = DEFINITIONAL_REPRESENTATION('',(#1748),#1751);
#1748 = B_SPLINE_CURVE_WITH_KNOTS('',1,(#1749,#1750),.UNSPECIFIED.,.F.,
  .F.,(2,2),(56.49999995,59.99999995),.PIECEWISE_BEZIER_KNOTS.);
#1749 = CARTESIAN_POINT('',(57.5,-176.5000002));
#1750 = CARTESIAN_POINT('',(57.5,-180.0000002));
#1751 = ( GEOMETRIC_REPRESENTATION_CONTEXT(2) 
PARAMETRIC_REPRESENTATION_CONTEXT() REPRESENTATION_CONTEXT('2D SPACE',''
  ) );
#1752 = PCURVE('',#989,#1753);
#1753 = DEFINITIONAL_REPRESENTATION('',(#1754),#1757);
#1754 = B_SPLINE_CURVE_WITH_KNOTS('',1,(#1755,#1756),.UNSPECIFIED.,.F.,
  .F.,(2,2),(56.49999995,59.99999995),.PIECEWISE_BEZIER_KNOTS.);
#1755 = CARTESIAN_POINT('',(125.,-63.5000003));
#1756 = CARTESIAN_POINT('',(125.,-60.0000003));
#1757 = ( GEOMETRIC_REPRESENTATION_CONTEXT(2) 
PARAMETRIC_REPRESENTATION_CONTEXT() REPRESENTATION_CONTEXT('2D SPACE',''
  ) );
#1758 = ORIENTED_EDGE('',*,*,#1000,.T.);
#1759 = ORIENTED_EDGE('',*,*,#1673,.F.);
#1760 = ADVANCED_FACE('',(#1761),#989,.T.);
#1761 = FACE_BOUND('',#1762,.T.);
#1762 = EDGE_LOOP('',(#1763,#1786,#1787,#1788));
#1763 = ORIENTED_EDGE('',*,*,#1764,.F.);
#1764 = EDGE_CURVE('',#949,#1765,#1767,.T.);
#1765 = VERTEX_POINT('',#1766);
#1766 = CARTESIAN_POINT('',(65.,-56.5,47.5));
#1767 = SURFACE_CURVE('',#1768,(#1772,#1779),.PCURVE_S1.);
#1768 = LINE('',#1769,#1770);
#1769 = CARTESIAN_POINT('',(65.,-120.0000003,47.5));
#1770 = VECTOR('',#1771,1.);
#1771 = DIRECTION('',(0.,1.,0.));
#1772 = PCURVE('',#989,#1773);
#1773 = DEFINITIONAL_REPRESENTATION('',(#1774),#1778);
#1774 = LINE('',#1775,#1776);
#1775 = CARTESIAN_POINT('',(130.,0.));
#1776 = VECTOR('',#1777,1.);
#1777 = DIRECTION('',(0.,-1.));
#1778 = ( GEOMETRIC_REPRESENTATION_CONTEXT(2) 
PARAMETRIC_REPRESENTATION_CONTEXT() REPRESENTATION_CONTEXT('2D SPACE',''
  ) );
#1779 = PCURVE('',#963,#1780);
#1780 = DEFINITIONAL_REPRESENTATION('',(#1781),#1785);
#1781 = LINE('',#1782,#1783);
#1782 = CARTESIAN_POINT('',(0.,-0.));
#1783 = VECTOR('',#1784,1.);
#1784 = DIRECTION('',(0.,-1.));
#1785 = ( GEOMETRIC_REPRESENTATION_CONTEXT(2) 
PARAMETRIC_REPRESENTATION_CONTEXT() REPRESENTATION_CONTEXT('2D SPACE',''
  ) );
#1786 = ORIENTED_EDGE('',*,*,#974,.T.);
#1787 = ORIENTED_EDGE('',*,*,#1740,.F.);
#1788 = ORIENTED_EDGE('',*,*,#1789,.F.);
#1789 = EDGE_CURVE('',#1765,#1720,#1790,.T.);
#1790 = SURFACE_CURVE('',#1791,(#1795,#1801),.PCURVE_S1.);
#1791 = LINE('',#1792,#1793);
#1792 = CARTESIAN_POINT('',(-77.5,-56.5,47.5));
#1793 = VECTOR('',#1794,1.);
#1794 = DIRECTION('',(-1.,0.,0.));
#1795 = PCURVE('',#989,#1796);
#1796 = DEFINITIONAL_REPRESENTATION('',(#1797),#1800);
#1797 = B_SPLINE_CURVE_WITH_KNOTS('',1,(#1798,#1799),.UNSPECIFIED.,.F.,
  .F.,(2,2),(-142.5,-12.5),.PIECEWISE_BEZIER_KNOTS.);
#1798 = CARTESIAN_POINT('',(130.,-63.5000003));
#1799 = CARTESIAN_POINT('',(0.,-63.5000003));
#1800 = ( GEOMETRIC_REPRESENTATION_CONTEXT(2) 
PARAMETRIC_REPRESENTATION_CONTEXT() REPRESENTATION_CONTEXT('2D SPACE',''
  ) );
#1801 = PCURVE('',#1662,#1802);
#1802 = DEFINITIONAL_REPRESENTATION('',(#1803),#1806);
#1803 = B_SPLINE_CURVE_WITH_KNOTS('',1,(#1804,#1805),.UNSPECIFIED.,.F.,
  .F.,(2,2),(-142.5,-12.5),.PIECEWISE_BEZIER_KNOTS.);
#1804 = CARTESIAN_POINT('',(122.5,155.));
#1805 = CARTESIAN_POINT('',(122.5,25.));
#1806 = ( GEOMETRIC_REPRESENTATION_CONTEXT(2) 
PARAMETRIC_REPRESENTATION_CONTEXT() REPRESENTATION_CONTEXT('2D SPACE',''
  ) );
#1807 = ADVANCED_FACE('',(#1808),#963,.T.);
#1808 = FACE_BOUND('',#1809,.T.);
#1809 = EDGE_LOOP('',(#1810,#1811,#1812,#1833));
#1810 = ORIENTED_EDGE('',*,*,#948,.T.);
#1811 = ORIENTED_EDGE('',*,*,#1764,.T.);
#1812 = ORIENTED_EDGE('',*,*,#1813,.F.);
#1813 = EDGE_CURVE('',#1814,#1765,#1816,.T.);
#1814 = VERTEX_POINT('',#1815);
#1815 = CARTESIAN_POINT('',(65.,-56.5,-47.5));
#1816 = SURFACE_CURVE('',#1817,(#1821,#1827),.PCURVE_S1.);
#1817 = LINE('',#1818,#1819);
#1818 = CARTESIAN_POINT('',(65.,-56.5,-13.75));
#1819 = VECTOR('',#1820,1.);
#1820 = DIRECTION('',(0.,-0.,1.));
#1821 = PCURVE('',#963,#1822);
#1822 = DEFINITIONAL_REPRESENTATION('',(#1823),#1826);
#1823 = B_SPLINE_CURVE_WITH_KNOTS('',1,(#1824,#1825),.UNSPECIFIED.,.F.,
  .F.,(2,2),(-33.75,61.25),.PIECEWISE_BEZIER_KNOTS.);
#1824 = CARTESIAN_POINT('',(95.,-63.5000003));
#1825 = CARTESIAN_POINT('',(0.,-63.5000003));
#1826 = ( GEOMETRIC_REPRESENTATION_CONTEXT(2) 
PARAMETRIC_REPRESENTATION_CONTEXT() REPRESENTATION_CONTEXT('2D SPACE',''
  ) );
#1827 = PCURVE('',#1662,#1828);
#1828 = DEFINITIONAL_REPRESENTATION('',(#1829),#1832);
#1829 = B_SPLINE_CURVE_WITH_KNOTS('',1,(#1830,#1831),.UNSPECIFIED.,.F.,
  .F.,(2,2),(-33.75,61.25),.PIECEWISE_BEZIER_KNOTS.);
#1830 = CARTESIAN_POINT('',(27.5,155.));
#1831 = CARTESIAN_POINT('',(122.5,155.));
#1832 = ( GEOMETRIC_REPRESENTATION_CONTEXT(2) 
PARAMETRIC_REPRESENTATION_CONTEXT() REPRESENTATION_CONTEXT('2D SPACE',''
  ) );
#1833 = ORIENTED_EDGE('',*,*,#1834,.F.);
#1834 = EDGE_CURVE('',#923,#1814,#1835,.T.);
#1835 = SURFACE_CURVE('',#1836,(#1840,#1847),.PCURVE_S1.);
#1836 = LINE('',#1837,#1838);
#1837 = CARTESIAN_POINT('',(65.,-120.0000003,-47.5));
#1838 = VECTOR('',#1839,1.);
#1839 = DIRECTION('',(0.,1.,0.));
#1840 = PCURVE('',#963,#1841);
#1841 = DEFINITIONAL_REPRESENTATION('',(#1842),#1846);
#1842 = LINE('',#1843,#1844);
#1843 = CARTESIAN_POINT('',(95.,0.));
#1844 = VECTOR('',#1845,1.);
#1845 = DIRECTION('',(0.,-1.));
#1846 = ( GEOMETRIC_REPRESENTATION_CONTEXT(2) 
PARAMETRIC_REPRESENTATION_CONTEXT() REPRESENTATION_CONTEXT('2D SPACE',''
  ) );
#1847 = PCURVE('',#937,#1848);
#1848 = DEFINITIONAL_REPRESENTATION('',(#1849),#1853);
#1849 = LINE('',#1850,#1851);
#1850 = CARTESIAN_POINT('',(0.,0.));
#1851 = VECTOR('',#1852,1.);
#1852 = DIRECTION('',(0.,-1.));
#1853 = ( GEOMETRIC_REPRESENTATION_CONTEXT(2) 
PARAMETRIC_REPRESENTATION_CONTEXT() REPRESENTATION_CONTEXT('2D SPACE',''
  ) );
#1854 = ADVANCED_FACE('',(#1855),#937,.T.);
#1855 = FACE_BOUND('',#1856,.T.);
#1856 = EDGE_LOOP('',(#1857,#1858,#1859,#1880));
#1857 = ORIENTED_EDGE('',*,*,#922,.T.);
#1858 = ORIENTED_EDGE('',*,*,#1834,.T.);
#1859 = ORIENTED_EDGE('',*,*,#1860,.F.);
#1860 = EDGE_CURVE('',#1861,#1814,#1863,.T.);
#1861 = VERTEX_POINT('',#1862);
#1862 = CARTESIAN_POINT('',(-65.,-56.5,-47.5));
#1863 = SURFACE_CURVE('',#1864,(#1868,#1874),.PCURVE_S1.);
#1864 = LINE('',#1865,#1866);
#1865 = CARTESIAN_POINT('',(-12.5,-56.5,-47.5));
#1866 = VECTOR('',#1867,1.);
#1867 = DIRECTION('',(1.,0.,0.));
#1868 = PCURVE('',#937,#1869);
#1869 = DEFINITIONAL_REPRESENTATION('',(#1870),#1873);
#1870 = B_SPLINE_CURVE_WITH_KNOTS('',1,(#1871,#1872),.UNSPECIFIED.,.F.,
  .F.,(2,2),(-52.5,77.5),.PIECEWISE_BEZIER_KNOTS.);
#1871 = CARTESIAN_POINT('',(130.,-63.5000003));
#1872 = CARTESIAN_POINT('',(0.,-63.5000003));
#1873 = ( GEOMETRIC_REPRESENTATION_CONTEXT(2) 
PARAMETRIC_REPRESENTATION_CONTEXT() REPRESENTATION_CONTEXT('2D SPACE',''
  ) );
#1874 = PCURVE('',#1662,#1875);
#1875 = DEFINITIONAL_REPRESENTATION('',(#1876),#1879);
#1876 = B_SPLINE_CURVE_WITH_KNOTS('',1,(#1877,#1878),.UNSPECIFIED.,.F.,
  .F.,(2,2),(-52.5,77.5),.PIECEWISE_BEZIER_KNOTS.);
#1877 = CARTESIAN_POINT('',(27.5,25.));
#1878 = CARTESIAN_POINT('',(27.5,155.));
#1879 = ( GEOMETRIC_REPRESENTATION_CONTEXT(2) 
PARAMETRIC_REPRESENTATION_CONTEXT() REPRESENTATION_CONTEXT('2D SPACE',''
  ) );
#1880 = ORIENTED_EDGE('',*,*,#1881,.F.);
#1881 = EDGE_CURVE('',#897,#1861,#1882,.T.);
#1882 = SURFACE_CURVE('',#1883,(#1887,#1894),.PCURVE_S1.);
#1883 = LINE('',#1884,#1885);
#1884 = CARTESIAN_POINT('',(-65.,-120.0000003,-47.5));
#1885 = VECTOR('',#1886,1.);
#1886 = DIRECTION('',(0.,1.,0.));
#1887 = PCURVE('',#937,#1888);
#1888 = DEFINITIONAL_REPRESENTATION('',(#1889),#1893);
#1889 = LINE('',#1890,#1891);
#1890 = CARTESIAN_POINT('',(130.,0.));
#1891 = VECTOR('',#1892,1.);
#1892 = DIRECTION('',(0.,-1.));
#1893 = ( GEOMETRIC_REPRESENTATION_CONTEXT(2) 
PARAMETRIC_REPRESENTATION_CONTEXT() REPRESENTATION_CONTEXT('2D SPACE',''
  ) );
#1894 = PCURVE('',#911,#1895);
#1895 = DEFINITIONAL_REPRESENTATION('',(#1896),#1900);
#1896 = LINE('',#1897,#1898);
#1897 = CARTESIAN_POINT('',(0.,0.));
#1898 = VECTOR('',#1899,1.);
#1899 = DIRECTION('',(0.,-1.));
#1900 = ( GEOMETRIC_REPRESENTATION_CONTEXT(2) 
PARAMETRIC_REPRESENTATION_CONTEXT() REPRESENTATION_CONTEXT('2D SPACE',''
  ) );
#1901 = ADVANCED_FACE('',(#1902),#911,.T.);
#1902 = FACE_BOUND('',#1903,.T.);
#1903 = EDGE_LOOP('',(#1904,#1905,#1906,#1927));
#1904 = ORIENTED_EDGE('',*,*,#896,.T.);
#1905 = ORIENTED_EDGE('',*,*,#1881,.T.);
#1906 = ORIENTED_EDGE('',*,*,#1907,.F.);
#1907 = EDGE_CURVE('',#1908,#1861,#1910,.T.);
#1908 = VERTEX_POINT('',#1909);
#1909 = CARTESIAN_POINT('',(-65.,-56.5,47.5));
#1910 = SURFACE_CURVE('',#1911,(#1915,#1921),.PCURVE_S1.);
#1911 = LINE('',#1912,#1913);
#1912 = CARTESIAN_POINT('',(-65.,-56.5,-61.25));
#1913 = VECTOR('',#1914,1.);
#1914 = DIRECTION('',(0.,0.,-1.));
#1915 = PCURVE('',#911,#1916);
#1916 = DEFINITIONAL_REPRESENTATION('',(#1917),#1920);
#1917 = B_SPLINE_CURVE_WITH_KNOTS('',1,(#1918,#1919),.UNSPECIFIED.,.F.,
  .F.,(2,2),(-108.75,-13.75),.PIECEWISE_BEZIER_KNOTS.);
#1918 = CARTESIAN_POINT('',(95.,-63.5000003));
#1919 = CARTESIAN_POINT('',(0.,-63.5000003));
#1920 = ( GEOMETRIC_REPRESENTATION_CONTEXT(2) 
PARAMETRIC_REPRESENTATION_CONTEXT() REPRESENTATION_CONTEXT('2D SPACE',''
  ) );
#1921 = PCURVE('',#1662,#1922);
#1922 = DEFINITIONAL_REPRESENTATION('',(#1923),#1926);
#1923 = B_SPLINE_CURVE_WITH_KNOTS('',1,(#1924,#1925),.UNSPECIFIED.,.F.,
  .F.,(2,2),(-108.75,-13.75),.PIECEWISE_BEZIER_KNOTS.);
#1924 = CARTESIAN_POINT('',(122.5,25.));
#1925 = CARTESIAN_POINT('',(27.5,25.));
#1926 = ( GEOMETRIC_REPRESENTATION_CONTEXT(2) 
PARAMETRIC_REPRESENTATION_CONTEXT() REPRESENTATION_CONTEXT('2D SPACE',''
  ) );
#1927 = ORIENTED_EDGE('',*,*,#1928,.F.);
#1928 = EDGE_CURVE('',#871,#1908,#1929,.T.);
#1929 = SURFACE_CURVE('',#1930,(#1934,#1941),.PCURVE_S1.);
#1930 = LINE('',#1931,#1932);
#1931 = CARTESIAN_POINT('',(-65.,-120.0000003,47.5));
#1932 = VECTOR('',#1933,1.);
#1933 = DIRECTION('',(0.,1.,0.));
#1934 = PCURVE('',#911,#1935);
#1935 = DEFINITIONAL_REPRESENTATION('',(#1936),#1940);
#1936 = LINE('',#1937,#1938);
#1937 = CARTESIAN_POINT('',(95.,0.));
#1938 = VECTOR('',#1939,1.);
#1939 = DIRECTION('',(0.,-1.));
#1940 = ( GEOMETRIC_REPRESENTATION_CONTEXT(2) 
PARAMETRIC_REPRESENTATION_CONTEXT() REPRESENTATION_CONTEXT('2D SPACE',''
  ) );
#1941 = PCURVE('',#885,#1942);
#1942 = DEFINITIONAL_REPRESENTATION('',(#1943),#1947);
#1943 = LINE('',#1944,#1945);
#1944 = CARTESIAN_POINT('',(0.,0.));
#1945 = VECTOR('',#1946,1.);
#1946 = DIRECTION('',(0.,-1.));
#1947 = ( GEOMETRIC_REPRESENTATION_CONTEXT(2) 
PARAMETRIC_REPRESENTATION_CONTEXT() REPRESENTATION_CONTEXT('2D SPACE',''
  ) );
#1948 = ADVANCED_FACE('',(#1949),#885,.T.);
#1949 = FACE_BOUND('',#1950,.T.);
#1950 = EDGE_LOOP('',(#1951,#1952,#1953,#1974));
#1951 = ORIENTED_EDGE('',*,*,#870,.T.);
#1952 = ORIENTED_EDGE('',*,*,#1928,.T.);
#1953 = ORIENTED_EDGE('',*,*,#1954,.F.);
#1954 = EDGE_CURVE('',#1955,#1908,#1957,.T.);
#1955 = VERTEX_POINT('',#1956);
#1956 = CARTESIAN_POINT('',(-60.,-56.5,47.5));
#1957 = SURFACE_CURVE('',#1958,(#1962,#1968),.PCURVE_S1.);
#1958 = LINE('',#1959,#1960);
#1959 = CARTESIAN_POINT('',(-77.5,-56.5,47.5));
#1960 = VECTOR('',#1961,1.);
#1961 = DIRECTION('',(-1.,0.,0.));
#1962 = PCURVE('',#885,#1963);
#1963 = DEFINITIONAL_REPRESENTATION('',(#1964),#1967);
#1964 = B_SPLINE_CURVE_WITH_KNOTS('',1,(#1965,#1966),.UNSPECIFIED.,.F.,
  .F.,(2,2),(-142.5,-12.5),.PIECEWISE_BEZIER_KNOTS.);
#1965 = CARTESIAN_POINT('',(130.,-63.5000003));
#1966 = CARTESIAN_POINT('',(0.,-63.5000003));
#1967 = ( GEOMETRIC_REPRESENTATION_CONTEXT(2) 
PARAMETRIC_REPRESENTATION_CONTEXT() REPRESENTATION_CONTEXT('2D SPACE',''
  ) );
#1968 = PCURVE('',#1662,#1969);
#1969 = DEFINITIONAL_REPRESENTATION('',(#1970),#1973);
#1970 = B_SPLINE_CURVE_WITH_KNOTS('',1,(#1971,#1972),.UNSPECIFIED.,.F.,
  .F.,(2,2),(-142.5,-12.5),.PIECEWISE_BEZIER_KNOTS.);
#1971 = CARTESIAN_POINT('',(122.5,155.));
#1972 = CARTESIAN_POINT('',(122.5,25.));
#1973 = ( GEOMETRIC_REPRESENTATION_CONTEXT(2) 
PARAMETRIC_REPRESENTATION_CONTEXT() REPRESENTATION_CONTEXT('2D SPACE',''
  ) );
#1974 = ORIENTED_EDGE('',*,*,#1975,.F.);
#1975 = EDGE_CURVE('',#845,#1955,#1976,.T.);
#1976 = SURFACE_CURVE('',#1977,(#1981,#1987),.PCURVE_S1.);
#1977 = LINE('',#1978,#1979);
#1978 = CARTESIAN_POINT('',(-60.,-5.000001124245E-08,47.5));
#1979 = VECTOR('',#1980,1.);
#1980 = DIRECTION('',(-0.,1.,0.));
#1981 = PCURVE('',#885,#1982);
#1982 = DEFINITIONAL_REPRESENTATION('',(#1983),#1986);
#1983 = B_SPLINE_CURVE_WITH_KNOTS('',1,(#1984,#1985),.UNSPECIFIED.,.F.,
  .F.,(2,2),(-59.99999995,-56.49999995),.PIECEWISE_BEZIER_KNOTS.);
#1984 = CARTESIAN_POINT('',(5.,-60.0000003));
#1985 = CARTESIAN_POINT('',(5.,-63.5000003));
#1986 = ( GEOMETRIC_REPRESENTATION_CONTEXT(2) 
PARAMETRIC_REPRESENTATION_CONTEXT() REPRESENTATION_CONTEXT('2D SPACE',''
  ) );
#1987 = PCURVE('',#859,#1988);
#1988 = DEFINITIONAL_REPRESENTATION('',(#1989),#1992);
#1989 = B_SPLINE_CURVE_WITH_KNOTS('',1,(#1990,#1991),.UNSPECIFIED.,.F.,
  .F.,(2,2),(-59.99999995,-56.49999995),.PIECEWISE_BEZIER_KNOTS.);
#1990 = CARTESIAN_POINT('',(22.5,-180.0000002));
#1991 = CARTESIAN_POINT('',(22.5,-176.5000002));
#1992 = ( GEOMETRIC_REPRESENTATION_CONTEXT(2) 
PARAMETRIC_REPRESENTATION_CONTEXT() REPRESENTATION_CONTEXT('2D SPACE',''
  ) );
#1993 = ADVANCED_FACE('',(#1994),#859,.T.);
#1994 = FACE_BOUND('',#1995,.T.);
#1995 = EDGE_LOOP('',(#1996,#2015,#2016,#2017));
#1996 = ORIENTED_EDGE('',*,*,#1997,.F.);
#1997 = EDGE_CURVE('',#1648,#1955,#1998,.T.);
#1998 = SURFACE_CURVE('',#1999,(#2003,#2009),.PCURVE_S1.);
#1999 = LINE('',#2000,#2001);
#2000 = CARTESIAN_POINT('',(-60.,-56.5,-2.5));
#2001 = VECTOR('',#2002,1.);
#2002 = DIRECTION('',(0.,0.,-1.));
#2003 = PCURVE('',#859,#2004);
#2004 = DEFINITIONAL_REPRESENTATION('',(#2005),#2008);
#2005 = B_SPLINE_CURVE_WITH_KNOTS('',1,(#2006,#2007),.UNSPECIFIED.,.F.,
  .F.,(2,2),(-72.5,7.5),.PIECEWISE_BEZIER_KNOTS.);
#2006 = CARTESIAN_POINT('',(0.,-176.5000002));
#2007 = CARTESIAN_POINT('',(80.,-176.5000002));
#2008 = ( GEOMETRIC_REPRESENTATION_CONTEXT(2) 
PARAMETRIC_REPRESENTATION_CONTEXT() REPRESENTATION_CONTEXT('2D SPACE',''
  ) );
#2009 = PCURVE('',#1662,#2010);
#2010 = DEFINITIONAL_REPRESENTATION('',(#2011),#2014);
#2011 = B_SPLINE_CURVE_WITH_KNOTS('',1,(#2012,#2013),.UNSPECIFIED.,.F.,
  .F.,(2,2),(-72.5,7.5),.PIECEWISE_BEZIER_KNOTS.);
#2012 = CARTESIAN_POINT('',(145.,30.));
#2013 = CARTESIAN_POINT('',(65.,30.));
#2014 = ( GEOMETRIC_REPRESENTATION_CONTEXT(2) 
PARAMETRIC_REPRESENTATION_CONTEXT() REPRESENTATION_CONTEXT('2D SPACE',''
  ) );
#2015 = ORIENTED_EDGE('',*,*,#1695,.T.);
#2016 = ORIENTED_EDGE('',*,*,#844,.T.);
#2017 = ORIENTED_EDGE('',*,*,#1975,.T.);
#2018 = ADVANCED_FACE('',(#2019),#1070,.T.);
#2019 = FACE_BOUND('',#2020,.T.);
#2020 = EDGE_LOOP('',(#2021,#2022,#2043,#2069,#2095,#2121));
#2021 = ORIENTED_EDGE('',*,*,#1053,.F.);
#2022 = ORIENTED_EDGE('',*,*,#2023,.F.);
#2023 = EDGE_CURVE('',#2024,#1054,#2026,.T.);
#2024 = VERTEX_POINT('',#2025);
#2025 = CARTESIAN_POINT('',(60.,57.,51.5));
#2026 = SURFACE_CURVE('',#2027,(#2031,#2037),.PCURVE_S1.);
#2027 = LINE('',#2028,#2029);
#2028 = CARTESIAN_POINT('',(60.,90.0000001,51.5));
#2029 = VECTOR('',#2030,1.);
#2030 = DIRECTION('',(0.,1.,-0.));
#2031 = PCURVE('',#1070,#2032);
#2032 = DEFINITIONAL_REPRESENTATION('',(#2033),#2036);
#2033 = B_SPLINE_CURVE_WITH_KNOTS('',1,(#2034,#2035),.UNSPECIFIED.,.F.,
  .F.,(2,2),(-33.0000001,-30.0000001),.PIECEWISE_BEZIER_KNOTS.);
#2034 = CARTESIAN_POINT('',(61.5,-63.0000002));
#2035 = CARTESIAN_POINT('',(61.5,-60.0000002));
#2036 = ( GEOMETRIC_REPRESENTATION_CONTEXT(2) 
PARAMETRIC_REPRESENTATION_CONTEXT() REPRESENTATION_CONTEXT('2D SPACE',''
  ) );
#2037 = PCURVE('',#1259,#2038);
#2038 = DEFINITIONAL_REPRESENTATION('',(#2039),#2042);
#2039 = B_SPLINE_CURVE_WITH_KNOTS('',1,(#2040,#2041),.UNSPECIFIED.,.F.,
  .F.,(2,2),(-33.0000001,-30.0000001),.PIECEWISE_BEZIER_KNOTS.);
#2040 = CARTESIAN_POINT('',(129.,-3.));
#2041 = CARTESIAN_POINT('',(129.,0.));
#2042 = ( GEOMETRIC_REPRESENTATION_CONTEXT(2) 
PARAMETRIC_REPRESENTATION_CONTEXT() REPRESENTATION_CONTEXT('2D SPACE',''
  ) );
#2043 = ORIENTED_EDGE('',*,*,#2044,.T.);
#2044 = EDGE_CURVE('',#2024,#2045,#2047,.T.);
#2045 = VERTEX_POINT('',#2046);
#2046 = CARTESIAN_POINT('',(60.,57.,47.5));
#2047 = SURFACE_CURVE('',#2048,(#2052,#2058),.PCURVE_S1.);
#2048 = LINE('',#2049,#2050);
#2049 = CARTESIAN_POINT('',(60.,57.,-5.));
#2050 = VECTOR('',#2051,1.);
#2051 = DIRECTION('',(0.,0.,-1.));
#2052 = PCURVE('',#1070,#2053);
#2053 = DEFINITIONAL_REPRESENTATION('',(#2054),#2057);
#2054 = B_SPLINE_CURVE_WITH_KNOTS('',1,(#2055,#2056),.UNSPECIFIED.,.F.,
  .F.,(2,2),(-56.5,-52.5),.PIECEWISE_BEZIER_KNOTS.);
#2055 = CARTESIAN_POINT('',(61.5,-63.0000002));
#2056 = CARTESIAN_POINT('',(57.5,-63.0000002));
#2057 = ( GEOMETRIC_REPRESENTATION_CONTEXT(2) 
PARAMETRIC_REPRESENTATION_CONTEXT() REPRESENTATION_CONTEXT('2D SPACE',''
  ) );
#2058 = PCURVE('',#2059,#2064);
#2059 = PLANE('',#2060);
#2060 = AXIS2_PLACEMENT_3D('',#2061,#2062,#2063);
#2061 = CARTESIAN_POINT('',(0.,57.,0.));
#2062 = DIRECTION('',(0.,1.,0.));
#2063 = DIRECTION('',(0.,-0.,1.));
#2064 = DEFINITIONAL_REPRESENTATION('',(#2065),#2068);
#2065 = B_SPLINE_CURVE_WITH_KNOTS('',1,(#2066,#2067),.UNSPECIFIED.,.F.,
  .F.,(2,2),(-56.5,-52.5),.PIECEWISE_BEZIER_KNOTS.);
#2066 = CARTESIAN_POINT('',(51.5,60.));
#2067 = CARTESIAN_POINT('',(47.5,60.));
#2068 = ( GEOMETRIC_REPRESENTATION_CONTEXT(2) 
PARAMETRIC_REPRESENTATION_CONTEXT() REPRESENTATION_CONTEXT('2D SPACE',''
  ) );
#2069 = ORIENTED_EDGE('',*,*,#2070,.T.);
#2070 = EDGE_CURVE('',#2045,#2071,#2073,.T.);
#2071 = VERTEX_POINT('',#2072);
#2072 = CARTESIAN_POINT('',(60.,56.5,47.5));
#2073 = SURFACE_CURVE('',#2074,(#2078,#2084),.PCURVE_S1.);
#2074 = LINE('',#2075,#2076);
#2075 = CARTESIAN_POINT('',(60.,-5.000001124245E-08,47.5));
#2076 = VECTOR('',#2077,1.);
#2077 = DIRECTION('',(0.,-1.,-0.));
#2078 = PCURVE('',#1070,#2079);
#2079 = DEFINITIONAL_REPRESENTATION('',(#2080),#2083);
#2080 = B_SPLINE_CURVE_WITH_KNOTS('',1,(#2081,#2082),.UNSPECIFIED.,.F.,
  .F.,(2,2),(-60.00000005,-56.50000005),.PIECEWISE_BEZIER_KNOTS.);
#2081 = CARTESIAN_POINT('',(57.5,-60.0000002));
#2082 = CARTESIAN_POINT('',(57.5,-63.5000002));
#2083 = ( GEOMETRIC_REPRESENTATION_CONTEXT(2) 
PARAMETRIC_REPRESENTATION_CONTEXT() REPRESENTATION_CONTEXT('2D SPACE',''
  ) );
#2084 = PCURVE('',#2085,#2090);
#2085 = PLANE('',#2086);
#2086 = AXIS2_PLACEMENT_3D('',#2087,#2088,#2089);
#2087 = CARTESIAN_POINT('',(-65.,-120.0000003,47.5));
#2088 = DIRECTION('',(0.,0.,-1.));
#2089 = DIRECTION('',(1.,0.,0.));
#2090 = DEFINITIONAL_REPRESENTATION('',(#2091),#2094);
#2091 = B_SPLINE_CURVE_WITH_KNOTS('',1,(#2092,#2093),.UNSPECIFIED.,.F.,
  .F.,(2,2),(-60.00000005,-56.50000005),.PIECEWISE_BEZIER_KNOTS.);
#2092 = CARTESIAN_POINT('',(125.,-180.0000003));
#2093 = CARTESIAN_POINT('',(125.,-176.5000003));
#2094 = ( GEOMETRIC_REPRESENTATION_CONTEXT(2) 
PARAMETRIC_REPRESENTATION_CONTEXT() REPRESENTATION_CONTEXT('2D SPACE',''
  ) );
#2095 = ORIENTED_EDGE('',*,*,#2096,.T.);
#2096 = EDGE_CURVE('',#2071,#2097,#2099,.T.);
#2097 = VERTEX_POINT('',#2098);
#2098 = CARTESIAN_POINT('',(60.,56.5,70.));
#2099 = SURFACE_CURVE('',#2100,(#2104,#2110),.PCURVE_S1.);
#2100 = LINE('',#2101,#2102);
#2101 = CARTESIAN_POINT('',(60.,56.5,-42.5));
#2102 = VECTOR('',#2103,1.);
#2103 = DIRECTION('',(-0.,0.,1.));
#2104 = PCURVE('',#1070,#2105);
#2105 = DEFINITIONAL_REPRESENTATION('',(#2106),#2109);
#2106 = B_SPLINE_CURVE_WITH_KNOTS('',1,(#2107,#2108),.UNSPECIFIED.,.F.,
  .F.,(2,2),(32.5,112.5),.PIECEWISE_BEZIER_KNOTS.);
#2107 = CARTESIAN_POINT('',(0.,-63.5000002));
#2108 = CARTESIAN_POINT('',(80.,-63.5000002));
#2109 = ( GEOMETRIC_REPRESENTATION_CONTEXT(2) 
PARAMETRIC_REPRESENTATION_CONTEXT() REPRESENTATION_CONTEXT('2D SPACE',''
  ) );
#2110 = PCURVE('',#2111,#2116);
#2111 = PLANE('',#2112);
#2112 = AXIS2_PLACEMENT_3D('',#2113,#2114,#2115);
#2113 = CARTESIAN_POINT('',(-90.,56.5,-75.));
#2114 = DIRECTION('',(0.,1.,0.));
#2115 = DIRECTION('',(0.,0.,1.));
#2116 = DEFINITIONAL_REPRESENTATION('',(#2117),#2120);
#2117 = B_SPLINE_CURVE_WITH_KNOTS('',1,(#2118,#2119),.UNSPECIFIED.,.F.,
  .F.,(2,2),(32.5,112.5),.PIECEWISE_BEZIER_KNOTS.);
#2118 = CARTESIAN_POINT('',(65.,150.));
#2119 = CARTESIAN_POINT('',(145.,150.));
#2120 = ( GEOMETRIC_REPRESENTATION_CONTEXT(2) 
PARAMETRIC_REPRESENTATION_CONTEXT() REPRESENTATION_CONTEXT('2D SPACE',''
  ) );
#2121 = ORIENTED_EDGE('',*,*,#2122,.F.);
#2122 = EDGE_CURVE('',#1056,#2097,#2123,.T.);
#2123 = SURFACE_CURVE('',#2124,(#2128,#2135),.PCURVE_S1.);
#2124 = LINE('',#2125,#2126);
#2125 = CARTESIAN_POINT('',(60.,120.0000002,70.));
#2126 = VECTOR('',#2127,1.);
#2127 = DIRECTION('',(0.,-1.,0.));
#2128 = PCURVE('',#1070,#2129);
#2129 = DEFINITIONAL_REPRESENTATION('',(#2130),#2134);
#2130 = LINE('',#2131,#2132);
#2131 = CARTESIAN_POINT('',(80.,0.));
#2132 = VECTOR('',#2133,1.);
#2133 = DIRECTION('',(0.,-1.));
#2134 = ( GEOMETRIC_REPRESENTATION_CONTEXT(2) 
PARAMETRIC_REPRESENTATION_CONTEXT() REPRESENTATION_CONTEXT('2D SPACE',''
  ) );
#2135 = PCURVE('',#1096,#2136);
#2136 = DEFINITIONAL_REPRESENTATION('',(#2137),#2141);
#2137 = LINE('',#2138,#2139);
#2138 = CARTESIAN_POINT('',(0.,0.));
#2139 = VECTOR('',#2140,1.);
#2140 = DIRECTION('',(0.,-1.));
#2141 = ( GEOMETRIC_REPRESENTATION_CONTEXT(2) 
PARAMETRIC_REPRESENTATION_CONTEXT() REPRESENTATION_CONTEXT('2D SPACE',''
  ) );
#2142 = ADVANCED_FACE('',(#2143),#1259,.F.);
#2143 = FACE_BOUND('',#2144,.F.);
#2144 = EDGE_LOOP('',(#2145,#2146,#2147,#2170));
#2145 = ORIENTED_EDGE('',*,*,#1245,.F.);
#2146 = ORIENTED_EDGE('',*,*,#2023,.F.);
#2147 = ORIENTED_EDGE('',*,*,#2148,.T.);
#2148 = EDGE_CURVE('',#2024,#2149,#2151,.T.);
#2149 = VERTEX_POINT('',#2150);
#2150 = CARTESIAN_POINT('',(69.,57.,51.5));
#2151 = SURFACE_CURVE('',#2152,(#2156,#2163),.PCURVE_S1.);
#2152 = LINE('',#2153,#2154);
#2153 = CARTESIAN_POINT('',(-69.,57.,51.5));
#2154 = VECTOR('',#2155,1.);
#2155 = DIRECTION('',(1.,0.,0.));
#2156 = PCURVE('',#1259,#2157);
#2157 = DEFINITIONAL_REPRESENTATION('',(#2158),#2162);
#2158 = LINE('',#2159,#2160);
#2159 = CARTESIAN_POINT('',(0.,-3.));
#2160 = VECTOR('',#2161,1.);
#2161 = DIRECTION('',(1.,0.));
#2162 = ( GEOMETRIC_REPRESENTATION_CONTEXT(2) 
PARAMETRIC_REPRESENTATION_CONTEXT() REPRESENTATION_CONTEXT('2D SPACE',''
  ) );
#2163 = PCURVE('',#2059,#2164);
#2164 = DEFINITIONAL_REPRESENTATION('',(#2165),#2169);
#2165 = LINE('',#2166,#2167);
#2166 = CARTESIAN_POINT('',(51.5,-69.));
#2167 = VECTOR('',#2168,1.);
#2168 = DIRECTION('',(0.,1.));
#2169 = ( GEOMETRIC_REPRESENTATION_CONTEXT(2) 
PARAMETRIC_REPRESENTATION_CONTEXT() REPRESENTATION_CONTEXT('2D SPACE',''
  ) );
#2170 = ORIENTED_EDGE('',*,*,#2171,.F.);
#2171 = EDGE_CURVE('',#1218,#2149,#2172,.T.);
#2172 = SURFACE_CURVE('',#2173,(#2177,#2184),.PCURVE_S1.);
#2173 = LINE('',#2174,#2175);
#2174 = CARTESIAN_POINT('',(69.,60.,51.5));
#2175 = VECTOR('',#2176,1.);
#2176 = DIRECTION('',(-0.,-1.,-0.));
#2177 = PCURVE('',#1259,#2178);
#2178 = DEFINITIONAL_REPRESENTATION('',(#2179),#2183);
#2179 = LINE('',#2180,#2181);
#2180 = CARTESIAN_POINT('',(138.,0.));
#2181 = VECTOR('',#2182,1.);
#2182 = DIRECTION('',(0.,-1.));
#2183 = ( GEOMETRIC_REPRESENTATION_CONTEXT(2) 
PARAMETRIC_REPRESENTATION_CONTEXT() REPRESENTATION_CONTEXT('2D SPACE',''
  ) );
#2184 = PCURVE('',#1233,#2185);
#2185 = DEFINITIONAL_REPRESENTATION('',(#2186),#2190);
#2186 = LINE('',#2187,#2188);
#2187 = CARTESIAN_POINT('',(0.,0.));
#2188 = VECTOR('',#2189,1.);
#2189 = DIRECTION('',(0.,-1.));
#2190 = ( GEOMETRIC_REPRESENTATION_CONTEXT(2) 
PARAMETRIC_REPRESENTATION_CONTEXT() REPRESENTATION_CONTEXT('2D SPACE',''
  ) );
#2191 = ADVANCED_FACE('',(#2192),#1233,.F.);
#2192 = FACE_BOUND('',#2193,.F.);
#2193 = EDGE_LOOP('',(#2194,#2195,#2218,#2239));
#2194 = ORIENTED_EDGE('',*,*,#2171,.T.);
#2195 = ORIENTED_EDGE('',*,*,#2196,.T.);
#2196 = EDGE_CURVE('',#2149,#2197,#2199,.T.);
#2197 = VERTEX_POINT('',#2198);
#2198 = CARTESIAN_POINT('',(69.,57.,-51.5));
#2199 = SURFACE_CURVE('',#2200,(#2204,#2211),.PCURVE_S1.);
#2200 = LINE('',#2201,#2202);
#2201 = CARTESIAN_POINT('',(69.,57.,51.5));
#2202 = VECTOR('',#2203,1.);
#2203 = DIRECTION('',(0.,0.,-1.));
#2204 = PCURVE('',#1233,#2205);
#2205 = DEFINITIONAL_REPRESENTATION('',(#2206),#2210);
#2206 = LINE('',#2207,#2208);
#2207 = CARTESIAN_POINT('',(0.,-3.));
#2208 = VECTOR('',#2209,1.);
#2209 = DIRECTION('',(1.,0.));
#2210 = ( GEOMETRIC_REPRESENTATION_CONTEXT(2) 
PARAMETRIC_REPRESENTATION_CONTEXT() REPRESENTATION_CONTEXT('2D SPACE',''
  ) );
#2211 = PCURVE('',#2059,#2212);
#2212 = DEFINITIONAL_REPRESENTATION('',(#2213),#2217);
#2213 = LINE('',#2214,#2215);
#2214 = CARTESIAN_POINT('',(51.5,69.));
#2215 = VECTOR('',#2216,1.);
#2216 = DIRECTION('',(-1.,0.));
#2217 = ( GEOMETRIC_REPRESENTATION_CONTEXT(2) 
PARAMETRIC_REPRESENTATION_CONTEXT() REPRESENTATION_CONTEXT('2D SPACE',''
  ) );
#2218 = ORIENTED_EDGE('',*,*,#2219,.F.);
#2219 = EDGE_CURVE('',#1190,#2197,#2220,.T.);
#2220 = SURFACE_CURVE('',#2221,(#2225,#2232),.PCURVE_S1.);
#2221 = LINE('',#2222,#2223);
#2222 = CARTESIAN_POINT('',(69.,60.,-51.5));
#2223 = VECTOR('',#2224,1.);
#2224 = DIRECTION('',(-0.,-1.,-0.));
#2225 = PCURVE('',#1233,#2226);
#2226 = DEFINITIONAL_REPRESENTATION('',(#2227),#2231);
#2227 = LINE('',#2228,#2229);
#2228 = CARTESIAN_POINT('',(103.,0.));
#2229 = VECTOR('',#2230,1.);
#2230 = DIRECTION('',(0.,-1.));
#2231 = ( GEOMETRIC_REPRESENTATION_CONTEXT(2) 
PARAMETRIC_REPRESENTATION_CONTEXT() REPRESENTATION_CONTEXT('2D SPACE',''
  ) );
#2232 = PCURVE('',#1205,#2233);
#2233 = DEFINITIONAL_REPRESENTATION('',(#2234),#2238);
#2234 = LINE('',#2235,#2236);
#2235 = CARTESIAN_POINT('',(0.,0.));
#2236 = VECTOR('',#2237,1.);
#2237 = DIRECTION('',(0.,-1.));
#2238 = ( GEOMETRIC_REPRESENTATION_CONTEXT(2) 
PARAMETRIC_REPRESENTATION_CONTEXT() REPRESENTATION_CONTEXT('2D SPACE',''
  ) );
#2239 = ORIENTED_EDGE('',*,*,#1217,.F.);
#2240 = ADVANCED_FACE('',(#2241),#1205,.F.);
#2241 = FACE_BOUND('',#2242,.F.);
#2242 = EDGE_LOOP('',(#2243,#2244,#2267,#2288));
#2243 = ORIENTED_EDGE('',*,*,#2219,.T.);
#2244 = ORIENTED_EDGE('',*,*,#2245,.T.);
#2245 = EDGE_CURVE('',#2197,#2246,#2248,.T.);
#2246 = VERTEX_POINT('',#2247);
#2247 = CARTESIAN_POINT('',(-69.,57.,-51.5));
#2248 = SURFACE_CURVE('',#2249,(#2253,#2260),.PCURVE_S1.);
#2249 = LINE('',#2250,#2251);
#2250 = CARTESIAN_POINT('',(69.,57.,-51.5));
#2251 = VECTOR('',#2252,1.);
#2252 = DIRECTION('',(-1.,0.,0.));
#2253 = PCURVE('',#1205,#2254);
#2254 = DEFINITIONAL_REPRESENTATION('',(#2255),#2259);
#2255 = LINE('',#2256,#2257);
#2256 = CARTESIAN_POINT('',(0.,-3.));
#2257 = VECTOR('',#2258,1.);
#2258 = DIRECTION('',(1.,0.));
#2259 = ( GEOMETRIC_REPRESENTATION_CONTEXT(2) 
PARAMETRIC_REPRESENTATION_CONTEXT() REPRESENTATION_CONTEXT('2D SPACE',''
  ) );
#2260 = PCURVE('',#2059,#2261);
#2261 = DEFINITIONAL_REPRESENTATION('',(#2262),#2266);
#2262 = LINE('',#2263,#2264);
#2263 = CARTESIAN_POINT('',(-51.5,69.));
#2264 = VECTOR('',#2265,1.);
#2265 = DIRECTION('',(0.,-1.));
#2266 = ( GEOMETRIC_REPRESENTATION_CONTEXT(2) 
PARAMETRIC_REPRESENTATION_CONTEXT() REPRESENTATION_CONTEXT('2D SPACE',''
  ) );
#2267 = ORIENTED_EDGE('',*,*,#2268,.F.);
#2268 = EDGE_CURVE('',#1162,#2246,#2269,.T.);
#2269 = SURFACE_CURVE('',#2270,(#2274,#2281),.PCURVE_S1.);
#2270 = LINE('',#2271,#2272);
#2271 = CARTESIAN_POINT('',(-69.,60.,-51.5));
#2272 = VECTOR('',#2273,1.);
#2273 = DIRECTION('',(-0.,-1.,-0.));
#2274 = PCURVE('',#1205,#2275);
#2275 = DEFINITIONAL_REPRESENTATION('',(#2276),#2280);
#2276 = LINE('',#2277,#2278);
#2277 = CARTESIAN_POINT('',(138.,0.));
#2278 = VECTOR('',#2279,1.);
#2279 = DIRECTION('',(0.,-1.));
#2280 = ( GEOMETRIC_REPRESENTATION_CONTEXT(2) 
PARAMETRIC_REPRESENTATION_CONTEXT() REPRESENTATION_CONTEXT('2D SPACE',''
  ) );
#2281 = PCURVE('',#1177,#2282);
#2282 = DEFINITIONAL_REPRESENTATION('',(#2283),#2287);
#2283 = LINE('',#2284,#2285);
#2284 = CARTESIAN_POINT('',(0.,0.));
#2285 = VECTOR('',#2286,1.);
#2286 = DIRECTION('',(0.,-1.));
#2287 = ( GEOMETRIC_REPRESENTATION_CONTEXT(2) 
PARAMETRIC_REPRESENTATION_CONTEXT() REPRESENTATION_CONTEXT('2D SPACE',''
  ) );
#2288 = ORIENTED_EDGE('',*,*,#1189,.F.);
#2289 = ADVANCED_FACE('',(#2290),#1177,.F.);
#2290 = FACE_BOUND('',#2291,.F.);
#2291 = EDGE_LOOP('',(#2292,#2293,#2316,#2337));
#2292 = ORIENTED_EDGE('',*,*,#2268,.T.);
#2293 = ORIENTED_EDGE('',*,*,#2294,.T.);
#2294 = EDGE_CURVE('',#2246,#2295,#2297,.T.);
#2295 = VERTEX_POINT('',#2296);
#2296 = CARTESIAN_POINT('',(-69.,57.,51.5));
#2297 = SURFACE_CURVE('',#2298,(#2302,#2309),.PCURVE_S1.);
#2298 = LINE('',#2299,#2300);
#2299 = CARTESIAN_POINT('',(-69.,57.,-51.5));
#2300 = VECTOR('',#2301,1.);
#2301 = DIRECTION('',(0.,0.,1.));
#2302 = PCURVE('',#1177,#2303);
#2303 = DEFINITIONAL_REPRESENTATION('',(#2304),#2308);
#2304 = LINE('',#2305,#2306);
#2305 = CARTESIAN_POINT('',(0.,-3.));
#2306 = VECTOR('',#2307,1.);
#2307 = DIRECTION('',(1.,0.));
#2308 = ( GEOMETRIC_REPRESENTATION_CONTEXT(2) 
PARAMETRIC_REPRESENTATION_CONTEXT() REPRESENTATION_CONTEXT('2D SPACE',''
  ) );
#2309 = PCURVE('',#2059,#2310);
#2310 = DEFINITIONAL_REPRESENTATION('',(#2311),#2315);
#2311 = LINE('',#2312,#2313);
#2312 = CARTESIAN_POINT('',(-51.5,-69.));
#2313 = VECTOR('',#2314,1.);
#2314 = DIRECTION('',(1.,0.));
#2315 = ( GEOMETRIC_REPRESENTATION_CONTEXT(2) 
PARAMETRIC_REPRESENTATION_CONTEXT() REPRESENTATION_CONTEXT('2D SPACE',''
  ) );
#2316 = ORIENTED_EDGE('',*,*,#2317,.F.);
#2317 = EDGE_CURVE('',#1134,#2295,#2318,.T.);
#2318 = SURFACE_CURVE('',#2319,(#2323,#2330),.PCURVE_S1.);
#2319 = LINE('',#2320,#2321);
#2320 = CARTESIAN_POINT('',(-69.,60.,51.5));
#2321 = VECTOR('',#2322,1.);
#2322 = DIRECTION('',(-0.,-1.,-0.));
#2323 = PCURVE('',#1177,#2324);
#2324 = DEFINITIONAL_REPRESENTATION('',(#2325),#2329);
#2325 = LINE('',#2326,#2327);
#2326 = CARTESIAN_POINT('',(103.,0.));
#2327 = VECTOR('',#2328,1.);
#2328 = DIRECTION('',(0.,-1.));
#2329 = ( GEOMETRIC_REPRESENTATION_CONTEXT(2) 
PARAMETRIC_REPRESENTATION_CONTEXT() REPRESENTATION_CONTEXT('2D SPACE',''
  ) );
#2330 = PCURVE('',#1149,#2331);
#2331 = DEFINITIONAL_REPRESENTATION('',(#2332),#2336);
#2332 = LINE('',#2333,#2334);
#2333 = CARTESIAN_POINT('',(0.,0.));
#2334 = VECTOR('',#2335,1.);
#2335 = DIRECTION('',(0.,-1.));
#2336 = ( GEOMETRIC_REPRESENTATION_CONTEXT(2) 
PARAMETRIC_REPRESENTATION_CONTEXT() REPRESENTATION_CONTEXT('2D SPACE',''
  ) );
#2337 = ORIENTED_EDGE('',*,*,#1161,.F.);
#2338 = ADVANCED_FACE('',(#2339),#1149,.F.);
#2339 = FACE_BOUND('',#2340,.F.);
#2340 = EDGE_LOOP('',(#2341,#2342,#2343,#2366));
#2341 = ORIENTED_EDGE('',*,*,#1133,.F.);
#2342 = ORIENTED_EDGE('',*,*,#2317,.T.);
#2343 = ORIENTED_EDGE('',*,*,#2344,.T.);
#2344 = EDGE_CURVE('',#2295,#2345,#2347,.T.);
#2345 = VERTEX_POINT('',#2346);
#2346 = CARTESIAN_POINT('',(-60.,57.,51.5));
#2347 = SURFACE_CURVE('',#2348,(#2352,#2359),.PCURVE_S1.);
#2348 = LINE('',#2349,#2350);
#2349 = CARTESIAN_POINT('',(-69.,57.,51.5));
#2350 = VECTOR('',#2351,1.);
#2351 = DIRECTION('',(1.,0.,0.));
#2352 = PCURVE('',#1149,#2353);
#2353 = DEFINITIONAL_REPRESENTATION('',(#2354),#2358);
#2354 = LINE('',#2355,#2356);
#2355 = CARTESIAN_POINT('',(0.,-3.));
#2356 = VECTOR('',#2357,1.);
#2357 = DIRECTION('',(1.,0.));
#2358 = ( GEOMETRIC_REPRESENTATION_CONTEXT(2) 
PARAMETRIC_REPRESENTATION_CONTEXT() REPRESENTATION_CONTEXT('2D SPACE',''
  ) );
#2359 = PCURVE('',#2059,#2360);
#2360 = DEFINITIONAL_REPRESENTATION('',(#2361),#2365);
#2361 = LINE('',#2362,#2363);
#2362 = CARTESIAN_POINT('',(51.5,-69.));
#2363 = VECTOR('',#2364,1.);
#2364 = DIRECTION('',(0.,1.));
#2365 = ( GEOMETRIC_REPRESENTATION_CONTEXT(2) 
PARAMETRIC_REPRESENTATION_CONTEXT() REPRESENTATION_CONTEXT('2D SPACE',''
  ) );
#2366 = ORIENTED_EDGE('',*,*,#2367,.F.);
#2367 = EDGE_CURVE('',#1108,#2345,#2368,.T.);
#2368 = SURFACE_CURVE('',#2369,(#2373,#2379),.PCURVE_S1.);
#2369 = LINE('',#2370,#2371);
#2370 = CARTESIAN_POINT('',(-60.,90.0000001,51.5));
#2371 = VECTOR('',#2372,1.);
#2372 = DIRECTION('',(0.,-1.,0.));
#2373 = PCURVE('',#1149,#2374);
#2374 = DEFINITIONAL_REPRESENTATION('',(#2375),#2378);
#2375 = B_SPLINE_CURVE_WITH_KNOTS('',1,(#2376,#2377),.UNSPECIFIED.,.F.,
  .F.,(2,2),(30.0000001,33.0000001),.PIECEWISE_BEZIER_KNOTS.);
#2376 = CARTESIAN_POINT('',(9.,0.));
#2377 = CARTESIAN_POINT('',(9.,-3.));
#2378 = ( GEOMETRIC_REPRESENTATION_CONTEXT(2) 
PARAMETRIC_REPRESENTATION_CONTEXT() REPRESENTATION_CONTEXT('2D SPACE',''
  ) );
#2379 = PCURVE('',#1122,#2380);
#2380 = DEFINITIONAL_REPRESENTATION('',(#2381),#2384);
#2381 = B_SPLINE_CURVE_WITH_KNOTS('',1,(#2382,#2383),.UNSPECIFIED.,.F.,
  .F.,(2,2),(30.0000001,33.0000001),.PIECEWISE_BEZIER_KNOTS.);
#2382 = CARTESIAN_POINT('',(18.5,-60.0000002));
#2383 = CARTESIAN_POINT('',(18.5,-63.0000002));
#2384 = ( GEOMETRIC_REPRESENTATION_CONTEXT(2) 
PARAMETRIC_REPRESENTATION_CONTEXT() REPRESENTATION_CONTEXT('2D SPACE',''
  ) );
#2385 = ADVANCED_FACE('',(#2386),#1122,.T.);
#2386 = FACE_BOUND('',#2387,.T.);
#2387 = EDGE_LOOP('',(#2388,#2389,#2412,#2433,#2459,#2478));
#2388 = ORIENTED_EDGE('',*,*,#1107,.F.);
#2389 = ORIENTED_EDGE('',*,*,#2390,.T.);
#2390 = EDGE_CURVE('',#1082,#2391,#2393,.T.);
#2391 = VERTEX_POINT('',#2392);
#2392 = CARTESIAN_POINT('',(-60.,56.5,70.));
#2393 = SURFACE_CURVE('',#2394,(#2398,#2405),.PCURVE_S1.);
#2394 = LINE('',#2395,#2396);
#2395 = CARTESIAN_POINT('',(-60.,120.0000002,70.));
#2396 = VECTOR('',#2397,1.);
#2397 = DIRECTION('',(0.,-1.,0.));
#2398 = PCURVE('',#1122,#2399);
#2399 = DEFINITIONAL_REPRESENTATION('',(#2400),#2404);
#2400 = LINE('',#2401,#2402);
#2401 = CARTESIAN_POINT('',(0.,0.));
#2402 = VECTOR('',#2403,1.);
#2403 = DIRECTION('',(0.,-1.));
#2404 = ( GEOMETRIC_REPRESENTATION_CONTEXT(2) 
PARAMETRIC_REPRESENTATION_CONTEXT() REPRESENTATION_CONTEXT('2D SPACE',''
  ) );
#2405 = PCURVE('',#1096,#2406);
#2406 = DEFINITIONAL_REPRESENTATION('',(#2407),#2411);
#2407 = LINE('',#2408,#2409);
#2408 = CARTESIAN_POINT('',(120.,0.));
#2409 = VECTOR('',#2410,1.);
#2410 = DIRECTION('',(0.,-1.));
#2411 = ( GEOMETRIC_REPRESENTATION_CONTEXT(2) 
PARAMETRIC_REPRESENTATION_CONTEXT() REPRESENTATION_CONTEXT('2D SPACE',''
  ) );
#2412 = ORIENTED_EDGE('',*,*,#2413,.T.);
#2413 = EDGE_CURVE('',#2391,#2414,#2416,.T.);
#2414 = VERTEX_POINT('',#2415);
#2415 = CARTESIAN_POINT('',(-60.,56.5,47.5));
#2416 = SURFACE_CURVE('',#2417,(#2421,#2427),.PCURVE_S1.);
#2417 = LINE('',#2418,#2419);
#2418 = CARTESIAN_POINT('',(-60.,56.5,-2.5));
#2419 = VECTOR('',#2420,1.);
#2420 = DIRECTION('',(0.,0.,-1.));
#2421 = PCURVE('',#1122,#2422);
#2422 = DEFINITIONAL_REPRESENTATION('',(#2423),#2426);
#2423 = B_SPLINE_CURVE_WITH_KNOTS('',1,(#2424,#2425),.UNSPECIFIED.,.F.,
  .F.,(2,2),(-72.5,7.5),.PIECEWISE_BEZIER_KNOTS.);
#2424 = CARTESIAN_POINT('',(0.,-63.5000002));
#2425 = CARTESIAN_POINT('',(80.,-63.5000002));
#2426 = ( GEOMETRIC_REPRESENTATION_CONTEXT(2) 
PARAMETRIC_REPRESENTATION_CONTEXT() REPRESENTATION_CONTEXT('2D SPACE',''
  ) );
#2427 = PCURVE('',#2111,#2428);
#2428 = DEFINITIONAL_REPRESENTATION('',(#2429),#2432);
#2429 = B_SPLINE_CURVE_WITH_KNOTS('',1,(#2430,#2431),.UNSPECIFIED.,.F.,
  .F.,(2,2),(-72.5,7.5),.PIECEWISE_BEZIER_KNOTS.);
#2430 = CARTESIAN_POINT('',(145.,30.));
#2431 = CARTESIAN_POINT('',(65.,30.));
#2432 = ( GEOMETRIC_REPRESENTATION_CONTEXT(2) 
PARAMETRIC_REPRESENTATION_CONTEXT() REPRESENTATION_CONTEXT('2D SPACE',''
  ) );
#2433 = ORIENTED_EDGE('',*,*,#2434,.T.);
#2434 = EDGE_CURVE('',#2414,#2435,#2437,.T.);
#2435 = VERTEX_POINT('',#2436);
#2436 = CARTESIAN_POINT('',(-60.,57.,47.5));
#2437 = SURFACE_CURVE('',#2438,(#2442,#2448),.PCURVE_S1.);
#2438 = LINE('',#2439,#2440);
#2439 = CARTESIAN_POINT('',(-60.,-5.000001124245E-08,47.5));
#2440 = VECTOR('',#2441,1.);
#2441 = DIRECTION('',(-0.,1.,0.));
#2442 = PCURVE('',#1122,#2443);
#2443 = DEFINITIONAL_REPRESENTATION('',(#2444),#2447);
#2444 = B_SPLINE_CURVE_WITH_KNOTS('',1,(#2445,#2446),.UNSPECIFIED.,.F.,
  .F.,(2,2),(56.50000005,60.00000005),.PIECEWISE_BEZIER_KNOTS.);
#2445 = CARTESIAN_POINT('',(22.5,-63.5000002));
#2446 = CARTESIAN_POINT('',(22.5,-60.0000002));
#2447 = ( GEOMETRIC_REPRESENTATION_CONTEXT(2) 
PARAMETRIC_REPRESENTATION_CONTEXT() REPRESENTATION_CONTEXT('2D SPACE',''
  ) );
#2448 = PCURVE('',#2449,#2454);
#2449 = PLANE('',#2450);
#2450 = AXIS2_PLACEMENT_3D('',#2451,#2452,#2453);
#2451 = CARTESIAN_POINT('',(-65.,-120.0000003,47.5));
#2452 = DIRECTION('',(0.,0.,-1.));
#2453 = DIRECTION('',(1.,0.,0.));
#2454 = DEFINITIONAL_REPRESENTATION('',(#2455),#2458);
#2455 = B_SPLINE_CURVE_WITH_KNOTS('',1,(#2456,#2457),.UNSPECIFIED.,.F.,
  .F.,(2,2),(56.50000005,60.00000005),.PIECEWISE_BEZIER_KNOTS.);
#2456 = CARTESIAN_POINT('',(5.,-176.5000003));
#2457 = CARTESIAN_POINT('',(5.,-180.0000003));
#2458 = ( GEOMETRIC_REPRESENTATION_CONTEXT(2) 
PARAMETRIC_REPRESENTATION_CONTEXT() REPRESENTATION_CONTEXT('2D SPACE',''
  ) );
#2459 = ORIENTED_EDGE('',*,*,#2460,.T.);
#2460 = EDGE_CURVE('',#2435,#2345,#2461,.T.);
#2461 = SURFACE_CURVE('',#2462,(#2466,#2472),.PCURVE_S1.);
#2462 = LINE('',#2463,#2464);
#2463 = CARTESIAN_POINT('',(-60.,57.,35.));
#2464 = VECTOR('',#2465,1.);
#2465 = DIRECTION('',(0.,0.,1.));
#2466 = PCURVE('',#1122,#2467);
#2467 = DEFINITIONAL_REPRESENTATION('',(#2468),#2471);
#2468 = B_SPLINE_CURVE_WITH_KNOTS('',1,(#2469,#2470),.UNSPECIFIED.,.F.,
  .F.,(2,2),(12.5,16.5),.PIECEWISE_BEZIER_KNOTS.);
#2469 = CARTESIAN_POINT('',(22.5,-63.0000002));
#2470 = CARTESIAN_POINT('',(18.5,-63.0000002));
#2471 = ( GEOMETRIC_REPRESENTATION_CONTEXT(2) 
PARAMETRIC_REPRESENTATION_CONTEXT() REPRESENTATION_CONTEXT('2D SPACE',''
  ) );
#2472 = PCURVE('',#2059,#2473);
#2473 = DEFINITIONAL_REPRESENTATION('',(#2474),#2477);
#2474 = B_SPLINE_CURVE_WITH_KNOTS('',1,(#2475,#2476),.UNSPECIFIED.,.F.,
  .F.,(2,2),(12.5,16.5),.PIECEWISE_BEZIER_KNOTS.);
#2475 = CARTESIAN_POINT('',(47.5,-60.));
#2476 = CARTESIAN_POINT('',(51.5,-60.));
#2477 = ( GEOMETRIC_REPRESENTATION_CONTEXT(2) 
PARAMETRIC_REPRESENTATION_CONTEXT() REPRESENTATION_CONTEXT('2D SPACE',''
  ) );
#2478 = ORIENTED_EDGE('',*,*,#2367,.F.);
#2479 = ADVANCED_FACE('',(#2480),#1096,.T.);
#2480 = FACE_BOUND('',#2481,.T.);
#2481 = EDGE_LOOP('',(#2482,#2483,#2484,#2503));
#2482 = ORIENTED_EDGE('',*,*,#1081,.F.);
#2483 = ORIENTED_EDGE('',*,*,#2122,.T.);
#2484 = ORIENTED_EDGE('',*,*,#2485,.T.);
#2485 = EDGE_CURVE('',#2097,#2391,#2486,.T.);
#2486 = SURFACE_CURVE('',#2487,(#2491,#2497),.PCURVE_S1.);
#2487 = LINE('',#2488,#2489);
#2488 = CARTESIAN_POINT('',(-15.,56.5,70.));
#2489 = VECTOR('',#2490,1.);
#2490 = DIRECTION('',(-1.,0.,0.));
#2491 = PCURVE('',#1096,#2492);
#2492 = DEFINITIONAL_REPRESENTATION('',(#2493),#2496);
#2493 = B_SPLINE_CURVE_WITH_KNOTS('',1,(#2494,#2495),.UNSPECIFIED.,.F.,
  .F.,(2,2),(-75.,45.),.PIECEWISE_BEZIER_KNOTS.);
#2494 = CARTESIAN_POINT('',(0.,-63.5000002));
#2495 = CARTESIAN_POINT('',(120.,-63.5000002));
#2496 = ( GEOMETRIC_REPRESENTATION_CONTEXT(2) 
PARAMETRIC_REPRESENTATION_CONTEXT() REPRESENTATION_CONTEXT('2D SPACE',''
  ) );
#2497 = PCURVE('',#2111,#2498);
#2498 = DEFINITIONAL_REPRESENTATION('',(#2499),#2502);
#2499 = B_SPLINE_CURVE_WITH_KNOTS('',1,(#2500,#2501),.UNSPECIFIED.,.F.,
  .F.,(2,2),(-75.,45.),.PIECEWISE_BEZIER_KNOTS.);
#2500 = CARTESIAN_POINT('',(145.,150.));
#2501 = CARTESIAN_POINT('',(145.,30.));
#2502 = ( GEOMETRIC_REPRESENTATION_CONTEXT(2) 
PARAMETRIC_REPRESENTATION_CONTEXT() REPRESENTATION_CONTEXT('2D SPACE',''
  ) );
#2503 = ORIENTED_EDGE('',*,*,#2390,.F.);
#2504 = ADVANCED_FACE('',(#2505,#2717,#2720,#2723),#1374,.F.);
#2505 = FACE_BOUND('',#2506,.F.);
#2506 = EDGE_LOOP('',(#2507,#2530,#2559,#2585,#2614,#2635,#2664,#2690));
#2507 = ORIENTED_EDGE('',*,*,#2508,.F.);
#2508 = EDGE_CURVE('',#2509,#2511,#2513,.T.);
#2509 = VERTEX_POINT('',#2510);
#2510 = CARTESIAN_POINT('',(-84.,56.5,71.5));
#2511 = VERTEX_POINT('',#2512);
#2512 = CARTESIAN_POINT('',(84.,56.5,71.5));
#2513 = SURFACE_CURVE('',#2514,(#2518,#2524),.PCURVE_S1.);
#2514 = LINE('',#2515,#2516);
#2515 = CARTESIAN_POINT('',(-90.,56.5,71.5));
#2516 = VECTOR('',#2517,1.);
#2517 = DIRECTION('',(1.,0.,0.));
#2518 = PCURVE('',#1374,#2519);
#2519 = DEFINITIONAL_REPRESENTATION('',(#2520),#2523);
#2520 = B_SPLINE_CURVE_WITH_KNOTS('',1,(#2521,#2522),.UNSPECIFIED.,.F.,
  .F.,(2,2),(6.,174.),.PIECEWISE_BEZIER_KNOTS.);
#2521 = CARTESIAN_POINT('',(6.,116.5));
#2522 = CARTESIAN_POINT('',(174.,116.5));
#2523 = ( GEOMETRIC_REPRESENTATION_CONTEXT(2) 
PARAMETRIC_REPRESENTATION_CONTEXT() REPRESENTATION_CONTEXT('2D SPACE',''
  ) );
#2524 = PCURVE('',#2111,#2525);
#2525 = DEFINITIONAL_REPRESENTATION('',(#2526),#2529);
#2526 = B_SPLINE_CURVE_WITH_KNOTS('',1,(#2527,#2528),.UNSPECIFIED.,.F.,
  .F.,(2,2),(6.,174.),.PIECEWISE_BEZIER_KNOTS.);
#2527 = CARTESIAN_POINT('',(146.5,6.));
#2528 = CARTESIAN_POINT('',(146.5,174.));
#2529 = ( GEOMETRIC_REPRESENTATION_CONTEXT(2) 
PARAMETRIC_REPRESENTATION_CONTEXT() REPRESENTATION_CONTEXT('2D SPACE',''
  ) );
#2530 = ORIENTED_EDGE('',*,*,#2531,.T.);
#2531 = EDGE_CURVE('',#2509,#2532,#2534,.T.);
#2532 = VERTEX_POINT('',#2533);
#2533 = CARTESIAN_POINT('',(-86.5,54.,71.5));
#2534 = SURFACE_CURVE('',#2535,(#2540,#2547),.PCURVE_S1.);
#2535 = CIRCLE('',#2536,2.5);
#2536 = AXIS2_PLACEMENT_3D('',#2537,#2538,#2539);
#2537 = CARTESIAN_POINT('',(-84.,54.,71.5));
#2538 = DIRECTION('',(0.,0.,1.));
#2539 = DIRECTION('',(-1.,-0.,0.));
#2540 = PCURVE('',#1374,#2541);
#2541 = DEFINITIONAL_REPRESENTATION('',(#2542),#2546);
#2542 = CIRCLE('',#2543,2.5);
#2543 = AXIS2_PLACEMENT_2D('',#2544,#2545);
#2544 = CARTESIAN_POINT('',(6.,114.));
#2545 = DIRECTION('',(-1.,0.));
#2546 = ( GEOMETRIC_REPRESENTATION_CONTEXT(2) 
PARAMETRIC_REPRESENTATION_CONTEXT() REPRESENTATION_CONTEXT('2D SPACE',''
  ) );
#2547 = PCURVE('',#2548,#2553);
#2548 = CYLINDRICAL_SURFACE('',#2549,2.5);
#2549 = AXIS2_PLACEMENT_3D('',#2550,#2551,#2552);
#2550 = CARTESIAN_POINT('',(-84.,54.,-75.));
#2551 = DIRECTION('',(0.,0.,1.));
#2552 = DIRECTION('',(-1.,-0.,0.));
#2553 = DEFINITIONAL_REPRESENTATION('',(#2554),#2558);
#2554 = LINE('',#2555,#2556);
#2555 = CARTESIAN_POINT('',(-6.28318530718,146.5));
#2556 = VECTOR('',#2557,1.);
#2557 = DIRECTION('',(1.,-0.));
#2558 = ( GEOMETRIC_REPRESENTATION_CONTEXT(2) 
PARAMETRIC_REPRESENTATION_CONTEXT() REPRESENTATION_CONTEXT('2D SPACE',''
  ) );
#2559 = ORIENTED_EDGE('',*,*,#2560,.T.);
#2560 = EDGE_CURVE('',#2532,#2561,#2563,.T.);
#2561 = VERTEX_POINT('',#2562);
#2562 = CARTESIAN_POINT('',(-86.5,-54.,71.5));
#2563 = SURFACE_CURVE('',#2564,(#2568,#2574),.PCURVE_S1.);
#2564 = LINE('',#2565,#2566);
#2565 = CARTESIAN_POINT('',(-86.5,-60.,71.5));
#2566 = VECTOR('',#2567,1.);
#2567 = DIRECTION('',(0.,-1.,0.));
#2568 = PCURVE('',#1374,#2569);
#2569 = DEFINITIONAL_REPRESENTATION('',(#2570),#2573);
#2570 = B_SPLINE_CURVE_WITH_KNOTS('',1,(#2571,#2572),.UNSPECIFIED.,.F.,
  .F.,(2,2),(-114.,-6.),.PIECEWISE_BEZIER_KNOTS.);
#2571 = CARTESIAN_POINT('',(3.5,114.));
#2572 = CARTESIAN_POINT('',(3.5,6.));
#2573 = ( GEOMETRIC_REPRESENTATION_CONTEXT(2) 
PARAMETRIC_REPRESENTATION_CONTEXT() REPRESENTATION_CONTEXT('2D SPACE',''
  ) );
#2574 = PCURVE('',#2575,#2580);
#2575 = PLANE('',#2576);
#2576 = AXIS2_PLACEMENT_3D('',#2577,#2578,#2579);
#2577 = CARTESIAN_POINT('',(-86.5,-60.,-75.));
#2578 = DIRECTION('',(1.,0.,0.));
#2579 = DIRECTION('',(0.,0.,1.));
#2580 = DEFINITIONAL_REPRESENTATION('',(#2581),#2584);
#2581 = B_SPLINE_CURVE_WITH_KNOTS('',1,(#2582,#2583),.UNSPECIFIED.,.F.,
  .F.,(2,2),(-114.,-6.),.PIECEWISE_BEZIER_KNOTS.);
#2582 = CARTESIAN_POINT('',(146.5,-114.));
#2583 = CARTESIAN_POINT('',(146.5,-6.));
#2584 = ( GEOMETRIC_REPRESENTATION_CONTEXT(2) 
PARAMETRIC_REPRESENTATION_CONTEXT() REPRESENTATION_CONTEXT('2D SPACE',''
  ) );
#2585 = ORIENTED_EDGE('',*,*,#2586,.T.);
#2586 = EDGE_CURVE('',#2561,#2587,#2589,.T.);
#2587 = VERTEX_POINT('',#2588);
#2588 = CARTESIAN_POINT('',(-84.,-56.5,71.5));
#2589 = SURFACE_CURVE('',#2590,(#2595,#2602),.PCURVE_S1.);
#2590 = CIRCLE('',#2591,2.5);
#2591 = AXIS2_PLACEMENT_3D('',#2592,#2593,#2594);
#2592 = CARTESIAN_POINT('',(-84.,-54.,71.5));
#2593 = DIRECTION('',(0.,0.,1.));
#2594 = DIRECTION('',(-1.,-0.,0.));
#2595 = PCURVE('',#1374,#2596);
#2596 = DEFINITIONAL_REPRESENTATION('',(#2597),#2601);
#2597 = CIRCLE('',#2598,2.5);
#2598 = AXIS2_PLACEMENT_2D('',#2599,#2600);
#2599 = CARTESIAN_POINT('',(6.,6.));
#2600 = DIRECTION('',(-1.,0.));
#2601 = ( GEOMETRIC_REPRESENTATION_CONTEXT(2) 
PARAMETRIC_REPRESENTATION_CONTEXT() REPRESENTATION_CONTEXT('2D SPACE',''
  ) );
#2602 = PCURVE('',#2603,#2608);
#2603 = CYLINDRICAL_SURFACE('',#2604,2.5);
#2604 = AXIS2_PLACEMENT_3D('',#2605,#2606,#2607);
#2605 = CARTESIAN_POINT('',(-84.,-54.,-75.));
#2606 = DIRECTION('',(0.,0.,1.));
#2607 = DIRECTION('',(-1.,-0.,0.));
#2608 = DEFINITIONAL_REPRESENTATION('',(#2609),#2613);
#2609 = LINE('',#2610,#2611);
#2610 = CARTESIAN_POINT('',(0.,146.5));
#2611 = VECTOR('',#2612,1.);
#2612 = DIRECTION('',(1.,0.));
#2613 = ( GEOMETRIC_REPRESENTATION_CONTEXT(2) 
PARAMETRIC_REPRESENTATION_CONTEXT() REPRESENTATION_CONTEXT('2D SPACE',''
  ) );
#2614 = ORIENTED_EDGE('',*,*,#2615,.F.);
#2615 = EDGE_CURVE('',#2616,#2587,#2618,.T.);
#2616 = VERTEX_POINT('',#2617);
#2617 = CARTESIAN_POINT('',(84.,-56.5,71.5));
#2618 = SURFACE_CURVE('',#2619,(#2623,#2629),.PCURVE_S1.);
#2619 = LINE('',#2620,#2621);
#2620 = CARTESIAN_POINT('',(-90.,-56.5,71.5));
#2621 = VECTOR('',#2622,1.);
#2622 = DIRECTION('',(-1.,0.,0.));
#2623 = PCURVE('',#1374,#2624);
#2624 = DEFINITIONAL_REPRESENTATION('',(#2625),#2628);
#2625 = B_SPLINE_CURVE_WITH_KNOTS('',1,(#2626,#2627),.UNSPECIFIED.,.F.,
  .F.,(2,2),(-174.,-6.),.PIECEWISE_BEZIER_KNOTS.);
#2626 = CARTESIAN_POINT('',(174.,3.5));
#2627 = CARTESIAN_POINT('',(6.,3.5));
#2628 = ( GEOMETRIC_REPRESENTATION_CONTEXT(2) 
PARAMETRIC_REPRESENTATION_CONTEXT() REPRESENTATION_CONTEXT('2D SPACE',''
  ) );
#2629 = PCURVE('',#1662,#2630);
#2630 = DEFINITIONAL_REPRESENTATION('',(#2631),#2634);
#2631 = B_SPLINE_CURVE_WITH_KNOTS('',1,(#2632,#2633),.UNSPECIFIED.,.F.,
  .F.,(2,2),(-174.,-6.),.PIECEWISE_BEZIER_KNOTS.);
#2632 = CARTESIAN_POINT('',(146.5,174.));
#2633 = CARTESIAN_POINT('',(146.5,6.));
#2634 = ( GEOMETRIC_REPRESENTATION_CONTEXT(2) 
PARAMETRIC_REPRESENTATION_CONTEXT() REPRESENTATION_CONTEXT('2D SPACE',''
  ) );
#2635 = ORIENTED_EDGE('',*,*,#2636,.T.);
#2636 = EDGE_CURVE('',#2616,#2637,#2639,.T.);
#2637 = VERTEX_POINT('',#2638);
#2638 = CARTESIAN_POINT('',(86.5,-54.,71.5));
#2639 = SURFACE_CURVE('',#2640,(#2645,#2652),.PCURVE_S1.);
#2640 = CIRCLE('',#2641,2.5);
#2641 = AXIS2_PLACEMENT_3D('',#2642,#2643,#2644);
#2642 = CARTESIAN_POINT('',(84.,-54.,71.5));
#2643 = DIRECTION('',(0.,0.,1.));
#2644 = DIRECTION('',(1.,0.,-0.));
#2645 = PCURVE('',#1374,#2646);
#2646 = DEFINITIONAL_REPRESENTATION('',(#2647),#2651);
#2647 = CIRCLE('',#2648,2.5);
#2648 = AXIS2_PLACEMENT_2D('',#2649,#2650);
#2649 = CARTESIAN_POINT('',(174.,6.));
#2650 = DIRECTION('',(1.,0.));
#2651 = ( GEOMETRIC_REPRESENTATION_CONTEXT(2) 
PARAMETRIC_REPRESENTATION_CONTEXT() REPRESENTATION_CONTEXT('2D SPACE',''
  ) );
#2652 = PCURVE('',#2653,#2658);
#2653 = CYLINDRICAL_SURFACE('',#2654,2.5);
#2654 = AXIS2_PLACEMENT_3D('',#2655,#2656,#2657);
#2655 = CARTESIAN_POINT('',(84.,-54.,-75.));
#2656 = DIRECTION('',(0.,0.,1.));
#2657 = DIRECTION('',(1.,0.,-0.));
#2658 = DEFINITIONAL_REPRESENTATION('',(#2659),#2663);
#2659 = LINE('',#2660,#2661);
#2660 = CARTESIAN_POINT('',(-6.28318530718,146.5));
#2661 = VECTOR('',#2662,1.);
#2662 = DIRECTION('',(1.,-0.));
#2663 = ( GEOMETRIC_REPRESENTATION_CONTEXT(2) 
PARAMETRIC_REPRESENTATION_CONTEXT() REPRESENTATION_CONTEXT('2D SPACE',''
  ) );
#2664 = ORIENTED_EDGE('',*,*,#2665,.F.);
#2665 = EDGE_CURVE('',#2666,#2637,#2668,.T.);
#2666 = VERTEX_POINT('',#2667);
#2667 = CARTESIAN_POINT('',(86.5,54.,71.5));
#2668 = SURFACE_CURVE('',#2669,(#2673,#2679),.PCURVE_S1.);
#2669 = LINE('',#2670,#2671);
#2670 = CARTESIAN_POINT('',(86.5,-60.,71.5));
#2671 = VECTOR('',#2672,1.);
#2672 = DIRECTION('',(0.,-1.,0.));
#2673 = PCURVE('',#1374,#2674);
#2674 = DEFINITIONAL_REPRESENTATION('',(#2675),#2678);
#2675 = B_SPLINE_CURVE_WITH_KNOTS('',1,(#2676,#2677),.UNSPECIFIED.,.F.,
  .F.,(2,2),(-114.,-6.),.PIECEWISE_BEZIER_KNOTS.);
#2676 = CARTESIAN_POINT('',(176.5,114.));
#2677 = CARTESIAN_POINT('',(176.5,6.));
#2678 = ( GEOMETRIC_REPRESENTATION_CONTEXT(2) 
PARAMETRIC_REPRESENTATION_CONTEXT() REPRESENTATION_CONTEXT('2D SPACE',''
  ) );
#2679 = PCURVE('',#2680,#2685);
#2680 = PLANE('',#2681);
#2681 = AXIS2_PLACEMENT_3D('',#2682,#2683,#2684);
#2682 = CARTESIAN_POINT('',(86.5,-60.,-75.));
#2683 = DIRECTION('',(1.,0.,0.));
#2684 = DIRECTION('',(0.,0.,1.));
#2685 = DEFINITIONAL_REPRESENTATION('',(#2686),#2689);
#2686 = B_SPLINE_CURVE_WITH_KNOTS('',1,(#2687,#2688),.UNSPECIFIED.,.F.,
  .F.,(2,2),(-114.,-6.),.PIECEWISE_BEZIER_KNOTS.);
#2687 = CARTESIAN_POINT('',(146.5,-114.));
#2688 = CARTESIAN_POINT('',(146.5,-6.));
#2689 = ( GEOMETRIC_REPRESENTATION_CONTEXT(2) 
PARAMETRIC_REPRESENTATION_CONTEXT() REPRESENTATION_CONTEXT('2D SPACE',''
  ) );
#2690 = ORIENTED_EDGE('',*,*,#2691,.T.);
#2691 = EDGE_CURVE('',#2666,#2511,#2692,.T.);
#2692 = SURFACE_CURVE('',#2693,(#2698,#2705),.PCURVE_S1.);
#2693 = CIRCLE('',#2694,2.5);
#2694 = AXIS2_PLACEMENT_3D('',#2695,#2696,#2697);
#2695 = CARTESIAN_POINT('',(84.,54.,71.5));
#2696 = DIRECTION('',(0.,0.,1.));
#2697 = DIRECTION('',(1.,0.,-0.));
#2698 = PCURVE('',#1374,#2699);
#2699 = DEFINITIONAL_REPRESENTATION('',(#2700),#2704);
#2700 = CIRCLE('',#2701,2.5);
#2701 = AXIS2_PLACEMENT_2D('',#2702,#2703);
#2702 = CARTESIAN_POINT('',(174.,114.));
#2703 = DIRECTION('',(1.,0.));
#2704 = ( GEOMETRIC_REPRESENTATION_CONTEXT(2) 
PARAMETRIC_REPRESENTATION_CONTEXT() REPRESENTATION_CONTEXT('2D SPACE',''
  ) );
#2705 = PCURVE('',#2706,#2711);
#2706 = CYLINDRICAL_SURFACE('',#2707,2.5);
#2707 = AXIS2_PLACEMENT_3D('',#2708,#2709,#2710);
#2708 = CARTESIAN_POINT('',(84.,54.,-75.));
#2709 = DIRECTION('',(0.,0.,1.));
#2710 = DIRECTION('',(1.,0.,-0.));
#2711 = DEFINITIONAL_REPRESENTATION('',(#2712),#2716);
#2712 = LINE('',#2713,#2714);
#2713 = CARTESIAN_POINT('',(0.,146.5));
#2714 = VECTOR('',#2715,1.);
#2715 = DIRECTION('',(1.,0.));
#2716 = ( GEOMETRIC_REPRESENTATION_CONTEXT(2) 
PARAMETRIC_REPRESENTATION_CONTEXT() REPRESENTATION_CONTEXT('2D SPACE',''
  ) );
#2717 = FACE_BOUND('',#2718,.F.);
#2718 = EDGE_LOOP('',(#2719));
#2719 = ORIENTED_EDGE('',*,*,#1359,.F.);
#2720 = FACE_BOUND('',#2721,.F.);
#2721 = EDGE_LOOP('',(#2722));
#2722 = ORIENTED_EDGE('',*,*,#1414,.F.);
#2723 = FACE_BOUND('',#2724,.F.);
#2724 = EDGE_LOOP('',(#2725));
#2725 = ORIENTED_EDGE('',*,*,#1464,.F.);
#2726 = ADVANCED_FACE('',(#2727,#2909,#2912,#2915),#1507,.T.);
#2727 = FACE_BOUND('',#2728,.T.);
#2728 = EDGE_LOOP('',(#2729,#2752,#2776,#2797,#2821,#2842,#2866,#2887));
#2729 = ORIENTED_EDGE('',*,*,#2730,.F.);
#2730 = EDGE_CURVE('',#2731,#2733,#2735,.T.);
#2731 = VERTEX_POINT('',#2732);
#2732 = CARTESIAN_POINT('',(84.,-56.5,-71.5));
#2733 = VERTEX_POINT('',#2734);
#2734 = CARTESIAN_POINT('',(-84.,-56.5,-71.5));
#2735 = SURFACE_CURVE('',#2736,(#2740,#2746),.PCURVE_S1.);
#2736 = LINE('',#2737,#2738);
#2737 = CARTESIAN_POINT('',(-90.,-56.5,-71.5));
#2738 = VECTOR('',#2739,1.);
#2739 = DIRECTION('',(-1.,0.,0.));
#2740 = PCURVE('',#1507,#2741);
#2741 = DEFINITIONAL_REPRESENTATION('',(#2742),#2745);
#2742 = B_SPLINE_CURVE_WITH_KNOTS('',1,(#2743,#2744),.UNSPECIFIED.,.F.,
  .F.,(2,2),(-174.,-6.),.PIECEWISE_BEZIER_KNOTS.);
#2743 = CARTESIAN_POINT('',(174.,3.5));
#2744 = CARTESIAN_POINT('',(6.,3.5));
#2745 = ( GEOMETRIC_REPRESENTATION_CONTEXT(2) 
PARAMETRIC_REPRESENTATION_CONTEXT() REPRESENTATION_CONTEXT('2D SPACE',''
  ) );
#2746 = PCURVE('',#1662,#2747);
#2747 = DEFINITIONAL_REPRESENTATION('',(#2748),#2751);
#2748 = B_SPLINE_CURVE_WITH_KNOTS('',1,(#2749,#2750),.UNSPECIFIED.,.F.,
  .F.,(2,2),(-174.,-6.),.PIECEWISE_BEZIER_KNOTS.);
#2749 = CARTESIAN_POINT('',(3.5,174.));
#2750 = CARTESIAN_POINT('',(3.5,6.));
#2751 = ( GEOMETRIC_REPRESENTATION_CONTEXT(2) 
PARAMETRIC_REPRESENTATION_CONTEXT() REPRESENTATION_CONTEXT('2D SPACE',''
  ) );
#2752 = ORIENTED_EDGE('',*,*,#2753,.T.);
#2753 = EDGE_CURVE('',#2731,#2754,#2756,.T.);
#2754 = VERTEX_POINT('',#2755);
#2755 = CARTESIAN_POINT('',(86.5,-54.,-71.5));
#2756 = SURFACE_CURVE('',#2757,(#2762,#2769),.PCURVE_S1.);
#2757 = CIRCLE('',#2758,2.5);
#2758 = AXIS2_PLACEMENT_3D('',#2759,#2760,#2761);
#2759 = CARTESIAN_POINT('',(84.,-54.,-71.5));
#2760 = DIRECTION('',(0.,0.,1.));
#2761 = DIRECTION('',(1.,0.,-0.));
#2762 = PCURVE('',#1507,#2763);
#2763 = DEFINITIONAL_REPRESENTATION('',(#2764),#2768);
#2764 = CIRCLE('',#2765,2.5);
#2765 = AXIS2_PLACEMENT_2D('',#2766,#2767);
#2766 = CARTESIAN_POINT('',(174.,6.));
#2767 = DIRECTION('',(1.,0.));
#2768 = ( GEOMETRIC_REPRESENTATION_CONTEXT(2) 
PARAMETRIC_REPRESENTATION_CONTEXT() REPRESENTATION_CONTEXT('2D SPACE',''
  ) );
#2769 = PCURVE('',#2653,#2770);
#2770 = DEFINITIONAL_REPRESENTATION('',(#2771),#2775);
#2771 = LINE('',#2772,#2773);
#2772 = CARTESIAN_POINT('',(-6.28318530718,3.5));
#2773 = VECTOR('',#2774,1.);
#2774 = DIRECTION('',(1.,-0.));
#2775 = ( GEOMETRIC_REPRESENTATION_CONTEXT(2) 
PARAMETRIC_REPRESENTATION_CONTEXT() REPRESENTATION_CONTEXT('2D SPACE',''
  ) );
#2776 = ORIENTED_EDGE('',*,*,#2777,.F.);
#2777 = EDGE_CURVE('',#2778,#2754,#2780,.T.);
#2778 = VERTEX_POINT('',#2779);
#2779 = CARTESIAN_POINT('',(86.5,54.,-71.5));
#2780 = SURFACE_CURVE('',#2781,(#2785,#2791),.PCURVE_S1.);
#2781 = LINE('',#2782,#2783);
#2782 = CARTESIAN_POINT('',(86.5,-60.,-71.5));
#2783 = VECTOR('',#2784,1.);
#2784 = DIRECTION('',(0.,-1.,0.));
#2785 = PCURVE('',#1507,#2786);
#2786 = DEFINITIONAL_REPRESENTATION('',(#2787),#2790);
#2787 = B_SPLINE_CURVE_WITH_KNOTS('',1,(#2788,#2789),.UNSPECIFIED.,.F.,
  .F.,(2,2),(-114.,-6.),.PIECEWISE_BEZIER_KNOTS.);
#2788 = CARTESIAN_POINT('',(176.5,114.));
#2789 = CARTESIAN_POINT('',(176.5,6.));
#2790 = ( GEOMETRIC_REPRESENTATION_CONTEXT(2) 
PARAMETRIC_REPRESENTATION_CONTEXT() REPRESENTATION_CONTEXT('2D SPACE',''
  ) );
#2791 = PCURVE('',#2680,#2792);
#2792 = DEFINITIONAL_REPRESENTATION('',(#2793),#2796);
#2793 = B_SPLINE_CURVE_WITH_KNOTS('',1,(#2794,#2795),.UNSPECIFIED.,.F.,
  .F.,(2,2),(-114.,-6.),.PIECEWISE_BEZIER_KNOTS.);
#2794 = CARTESIAN_POINT('',(3.5,-114.));
#2795 = CARTESIAN_POINT('',(3.5,-6.));
#2796 = ( GEOMETRIC_REPRESENTATION_CONTEXT(2) 
PARAMETRIC_REPRESENTATION_CONTEXT() REPRESENTATION_CONTEXT('2D SPACE',''
  ) );
#2797 = ORIENTED_EDGE('',*,*,#2798,.T.);
#2798 = EDGE_CURVE('',#2778,#2799,#2801,.T.);
#2799 = VERTEX_POINT('',#2800);
#2800 = CARTESIAN_POINT('',(84.,56.5,-71.5));
#2801 = SURFACE_CURVE('',#2802,(#2807,#2814),.PCURVE_S1.);
#2802 = CIRCLE('',#2803,2.5);
#2803 = AXIS2_PLACEMENT_3D('',#2804,#2805,#2806);
#2804 = CARTESIAN_POINT('',(84.,54.,-71.5));
#2805 = DIRECTION('',(0.,0.,1.));
#2806 = DIRECTION('',(1.,0.,-0.));
#2807 = PCURVE('',#1507,#2808);
#2808 = DEFINITIONAL_REPRESENTATION('',(#2809),#2813);
#2809 = CIRCLE('',#2810,2.5);
#2810 = AXIS2_PLACEMENT_2D('',#2811,#2812);
#2811 = CARTESIAN_POINT('',(174.,114.));
#2812 = DIRECTION('',(1.,0.));
#2813 = ( GEOMETRIC_REPRESENTATION_CONTEXT(2) 
PARAMETRIC_REPRESENTATION_CONTEXT() REPRESENTATION_CONTEXT('2D SPACE',''
  ) );
#2814 = PCURVE('',#2706,#2815);
#2815 = DEFINITIONAL_REPRESENTATION('',(#2816),#2820);
#2816 = LINE('',#2817,#2818);
#2817 = CARTESIAN_POINT('',(0.,3.5));
#2818 = VECTOR('',#2819,1.);
#2819 = DIRECTION('',(1.,0.));
#2820 = ( GEOMETRIC_REPRESENTATION_CONTEXT(2) 
PARAMETRIC_REPRESENTATION_CONTEXT() REPRESENTATION_CONTEXT('2D SPACE',''
  ) );
#2821 = ORIENTED_EDGE('',*,*,#2822,.F.);
#2822 = EDGE_CURVE('',#2823,#2799,#2825,.T.);
#2823 = VERTEX_POINT('',#2824);
#2824 = CARTESIAN_POINT('',(-84.,56.5,-71.5));
#2825 = SURFACE_CURVE('',#2826,(#2830,#2836),.PCURVE_S1.);
#2826 = LINE('',#2827,#2828);
#2827 = CARTESIAN_POINT('',(-90.,56.5,-71.5));
#2828 = VECTOR('',#2829,1.);
#2829 = DIRECTION('',(1.,0.,0.));
#2830 = PCURVE('',#1507,#2831);
#2831 = DEFINITIONAL_REPRESENTATION('',(#2832),#2835);
#2832 = B_SPLINE_CURVE_WITH_KNOTS('',1,(#2833,#2834),.UNSPECIFIED.,.F.,
  .F.,(2,2),(6.,174.),.PIECEWISE_BEZIER_KNOTS.);
#2833 = CARTESIAN_POINT('',(6.,116.5));
#2834 = CARTESIAN_POINT('',(174.,116.5));
#2835 = ( GEOMETRIC_REPRESENTATION_CONTEXT(2) 
PARAMETRIC_REPRESENTATION_CONTEXT() REPRESENTATION_CONTEXT('2D SPACE',''
  ) );
#2836 = PCURVE('',#2111,#2837);
#2837 = DEFINITIONAL_REPRESENTATION('',(#2838),#2841);
#2838 = B_SPLINE_CURVE_WITH_KNOTS('',1,(#2839,#2840),.UNSPECIFIED.,.F.,
  .F.,(2,2),(6.,174.),.PIECEWISE_BEZIER_KNOTS.);
#2839 = CARTESIAN_POINT('',(3.5,6.));
#2840 = CARTESIAN_POINT('',(3.5,174.));
#2841 = ( GEOMETRIC_REPRESENTATION_CONTEXT(2) 
PARAMETRIC_REPRESENTATION_CONTEXT() REPRESENTATION_CONTEXT('2D SPACE',''
  ) );
#2842 = ORIENTED_EDGE('',*,*,#2843,.T.);
#2843 = EDGE_CURVE('',#2823,#2844,#2846,.T.);
#2844 = VERTEX_POINT('',#2845);
#2845 = CARTESIAN_POINT('',(-86.5,54.,-71.5));
#2846 = SURFACE_CURVE('',#2847,(#2852,#2859),.PCURVE_S1.);
#2847 = CIRCLE('',#2848,2.5);
#2848 = AXIS2_PLACEMENT_3D('',#2849,#2850,#2851);
#2849 = CARTESIAN_POINT('',(-84.,54.,-71.5));
#2850 = DIRECTION('',(0.,0.,1.));
#2851 = DIRECTION('',(-1.,-0.,0.));
#2852 = PCURVE('',#1507,#2853);
#2853 = DEFINITIONAL_REPRESENTATION('',(#2854),#2858);
#2854 = CIRCLE('',#2855,2.5);
#2855 = AXIS2_PLACEMENT_2D('',#2856,#2857);
#2856 = CARTESIAN_POINT('',(6.,114.));
#2857 = DIRECTION('',(-1.,0.));
#2858 = ( GEOMETRIC_REPRESENTATION_CONTEXT(2) 
PARAMETRIC_REPRESENTATION_CONTEXT() REPRESENTATION_CONTEXT('2D SPACE',''
  ) );
#2859 = PCURVE('',#2548,#2860);
#2860 = DEFINITIONAL_REPRESENTATION('',(#2861),#2865);
#2861 = LINE('',#2862,#2863);
#2862 = CARTESIAN_POINT('',(-6.28318530718,3.5));
#2863 = VECTOR('',#2864,1.);
#2864 = DIRECTION('',(1.,-0.));
#2865 = ( GEOMETRIC_REPRESENTATION_CONTEXT(2) 
PARAMETRIC_REPRESENTATION_CONTEXT() REPRESENTATION_CONTEXT('2D SPACE',''
  ) );
#2866 = ORIENTED_EDGE('',*,*,#2867,.T.);
#2867 = EDGE_CURVE('',#2844,#2868,#2870,.T.);
#2868 = VERTEX_POINT('',#2869);
#2869 = CARTESIAN_POINT('',(-86.5,-54.,-71.5));
#2870 = SURFACE_CURVE('',#2871,(#2875,#2881),.PCURVE_S1.);
#2871 = LINE('',#2872,#2873);
#2872 = CARTESIAN_POINT('',(-86.5,-60.,-71.5));
#2873 = VECTOR('',#2874,1.);
#2874 = DIRECTION('',(0.,-1.,0.));
#2875 = PCURVE('',#1507,#2876);
#2876 = DEFINITIONAL_REPRESENTATION('',(#2877),#2880);
#2877 = B_SPLINE_CURVE_WITH_KNOTS('',1,(#2878,#2879),.UNSPECIFIED.,.F.,
  .F.,(2,2),(-114.,-6.),.PIECEWISE_BEZIER_KNOTS.);
#2878 = CARTESIAN_POINT('',(3.5,114.));
#2879 = CARTESIAN_POINT('',(3.5,6.));
#2880 = ( GEOMETRIC_REPRESENTATION_CONTEXT(2) 
PARAMETRIC_REPRESENTATION_CONTEXT() REPRESENTATION_CONTEXT('2D SPACE',''
  ) );
#2881 = PCURVE('',#2575,#2882);
#2882 = DEFINITIONAL_REPRESENTATION('',(#2883),#2886);
#2883 = B_SPLINE_CURVE_WITH_KNOTS('',1,(#2884,#2885),.UNSPECIFIED.,.F.,
  .F.,(2,2),(-114.,-6.),.PIECEWISE_BEZIER_KNOTS.);
#2884 = CARTESIAN_POINT('',(3.5,-114.));
#2885 = CARTESIAN_POINT('',(3.5,-6.));
#2886 = ( GEOMETRIC_REPRESENTATION_CONTEXT(2) 
PARAMETRIC_REPRESENTATION_CONTEXT() REPRESENTATION_CONTEXT('2D SPACE',''
  ) );
#2887 = ORIENTED_EDGE('',*,*,#2888,.T.);
#2888 = EDGE_CURVE('',#2868,#2733,#2889,.T.);
#2889 = SURFACE_CURVE('',#2890,(#2895,#2902),.PCURVE_S1.);
#2890 = CIRCLE('',#2891,2.5);
#2891 = AXIS2_PLACEMENT_3D('',#2892,#2893,#2894);
#2892 = CARTESIAN_POINT('',(-84.,-54.,-71.5));
#2893 = DIRECTION('',(0.,0.,1.));
#2894 = DIRECTION('',(-1.,-0.,0.));
#2895 = PCURVE('',#1507,#2896);
#2896 = DEFINITIONAL_REPRESENTATION('',(#2897),#2901);
#2897 = CIRCLE('',#2898,2.5);
#2898 = AXIS2_PLACEMENT_2D('',#2899,#2900);
#2899 = CARTESIAN_POINT('',(6.,6.));
#2900 = DIRECTION('',(-1.,0.));
#2901 = ( GEOMETRIC_REPRESENTATION_CONTEXT(2) 
PARAMETRIC_REPRESENTATION_CONTEXT() REPRESENTATION_CONTEXT('2D SPACE',''
  ) );
#2902 = PCURVE('',#2603,#2903);
#2903 = DEFINITIONAL_REPRESENTATION('',(#2904),#2908);
#2904 = LINE('',#2905,#2906);
#2905 = CARTESIAN_POINT('',(0.,3.5));
#2906 = VECTOR('',#2907,1.);
#2907 = DIRECTION('',(1.,0.));
#2908 = ( GEOMETRIC_REPRESENTATION_CONTEXT(2) 
PARAMETRIC_REPRESENTATION_CONTEXT() REPRESENTATION_CONTEXT('2D SPACE',''
  ) );
#2909 = FACE_BOUND('',#2910,.T.);
#2910 = EDGE_LOOP('',(#2911));
#2911 = ORIENTED_EDGE('',*,*,#1490,.F.);
#2912 = FACE_BOUND('',#2913,.T.);
#2913 = EDGE_LOOP('',(#2914));
#2914 = ORIENTED_EDGE('',*,*,#1545,.F.);
#2915 = FACE_BOUND('',#2916,.T.);
#2916 = EDGE_LOOP('',(#2917));
#2917 = ORIENTED_EDGE('',*,*,#1595,.F.);
#2918 = ADVANCED_FACE('',(#2919,#2965),#1662,.T.);
#2919 = FACE_BOUND('',#2920,.T.);
#2920 = EDGE_LOOP('',(#2921,#2942,#2943,#2964));
#2921 = ORIENTED_EDGE('',*,*,#2922,.T.);
#2922 = EDGE_CURVE('',#2733,#2587,#2923,.T.);
#2923 = SURFACE_CURVE('',#2924,(#2928,#2935),.PCURVE_S1.);
#2924 = LINE('',#2925,#2926);
#2925 = CARTESIAN_POINT('',(-84.,-56.5,-75.));
#2926 = VECTOR('',#2927,1.);
#2927 = DIRECTION('',(0.,0.,1.));
#2928 = PCURVE('',#1662,#2929);
#2929 = DEFINITIONAL_REPRESENTATION('',(#2930),#2934);
#2930 = LINE('',#2931,#2932);
#2931 = CARTESIAN_POINT('',(0.,6.));
#2932 = VECTOR('',#2933,1.);
#2933 = DIRECTION('',(1.,0.));
#2934 = ( GEOMETRIC_REPRESENTATION_CONTEXT(2) 
PARAMETRIC_REPRESENTATION_CONTEXT() REPRESENTATION_CONTEXT('2D SPACE',''
  ) );
#2935 = PCURVE('',#2603,#2936);
#2936 = DEFINITIONAL_REPRESENTATION('',(#2937),#2941);
#2937 = LINE('',#2938,#2939);
#2938 = CARTESIAN_POINT('',(1.570796326795,0.));
#2939 = VECTOR('',#2940,1.);
#2940 = DIRECTION('',(0.,1.));
#2941 = ( GEOMETRIC_REPRESENTATION_CONTEXT(2) 
PARAMETRIC_REPRESENTATION_CONTEXT() REPRESENTATION_CONTEXT('2D SPACE',''
  ) );
#2942 = ORIENTED_EDGE('',*,*,#2615,.F.);
#2943 = ORIENTED_EDGE('',*,*,#2944,.F.);
#2944 = EDGE_CURVE('',#2731,#2616,#2945,.T.);
#2945 = SURFACE_CURVE('',#2946,(#2950,#2957),.PCURVE_S1.);
#2946 = LINE('',#2947,#2948);
#2947 = CARTESIAN_POINT('',(84.,-56.5,-75.));
#2948 = VECTOR('',#2949,1.);
#2949 = DIRECTION('',(0.,0.,1.));
#2950 = PCURVE('',#1662,#2951);
#2951 = DEFINITIONAL_REPRESENTATION('',(#2952),#2956);
#2952 = LINE('',#2953,#2954);
#2953 = CARTESIAN_POINT('',(0.,174.));
#2954 = VECTOR('',#2955,1.);
#2955 = DIRECTION('',(1.,0.));
#2956 = ( GEOMETRIC_REPRESENTATION_CONTEXT(2) 
PARAMETRIC_REPRESENTATION_CONTEXT() REPRESENTATION_CONTEXT('2D SPACE',''
  ) );
#2957 = PCURVE('',#2653,#2958);
#2958 = DEFINITIONAL_REPRESENTATION('',(#2959),#2963);
#2959 = LINE('',#2960,#2961);
#2960 = CARTESIAN_POINT('',(-1.570796326795,0.));
#2961 = VECTOR('',#2962,1.);
#2962 = DIRECTION('',(-0.,1.));
#2963 = ( GEOMETRIC_REPRESENTATION_CONTEXT(2) 
PARAMETRIC_REPRESENTATION_CONTEXT() REPRESENTATION_CONTEXT('2D SPACE',''
  ) );
#2964 = ORIENTED_EDGE('',*,*,#2730,.T.);
#2965 = FACE_BOUND('',#2966,.T.);
#2966 = EDGE_LOOP('',(#2967,#2968,#2969,#2970,#2971,#2972,#2973,#2974));
#2967 = ORIENTED_EDGE('',*,*,#1645,.T.);
#2968 = ORIENTED_EDGE('',*,*,#1997,.T.);
#2969 = ORIENTED_EDGE('',*,*,#1954,.T.);
#2970 = ORIENTED_EDGE('',*,*,#1907,.T.);
#2971 = ORIENTED_EDGE('',*,*,#1860,.T.);
#2972 = ORIENTED_EDGE('',*,*,#1813,.T.);
#2973 = ORIENTED_EDGE('',*,*,#1789,.T.);
#2974 = ORIENTED_EDGE('',*,*,#1719,.T.);
#2975 = ADVANCED_FACE('',(#2976,#3022),#2111,.F.);
#2976 = FACE_BOUND('',#2977,.F.);
#2977 = EDGE_LOOP('',(#2978,#2999,#3000,#3021));
#2978 = ORIENTED_EDGE('',*,*,#2979,.T.);
#2979 = EDGE_CURVE('',#2823,#2509,#2980,.T.);
#2980 = SURFACE_CURVE('',#2981,(#2985,#2992),.PCURVE_S1.);
#2981 = LINE('',#2982,#2983);
#2982 = CARTESIAN_POINT('',(-84.,56.5,-75.));
#2983 = VECTOR('',#2984,1.);
#2984 = DIRECTION('',(0.,0.,1.));
#2985 = PCURVE('',#2111,#2986);
#2986 = DEFINITIONAL_REPRESENTATION('',(#2987),#2991);
#2987 = LINE('',#2988,#2989);
#2988 = CARTESIAN_POINT('',(0.,6.));
#2989 = VECTOR('',#2990,1.);
#2990 = DIRECTION('',(1.,0.));
#2991 = ( GEOMETRIC_REPRESENTATION_CONTEXT(2) 
PARAMETRIC_REPRESENTATION_CONTEXT() REPRESENTATION_CONTEXT('2D SPACE',''
  ) );
#2992 = PCURVE('',#2548,#2993);
#2993 = DEFINITIONAL_REPRESENTATION('',(#2994),#2998);
#2994 = LINE('',#2995,#2996);
#2995 = CARTESIAN_POINT('',(-1.570796326795,0.));
#2996 = VECTOR('',#2997,1.);
#2997 = DIRECTION('',(-0.,1.));
#2998 = ( GEOMETRIC_REPRESENTATION_CONTEXT(2) 
PARAMETRIC_REPRESENTATION_CONTEXT() REPRESENTATION_CONTEXT('2D SPACE',''
  ) );
#2999 = ORIENTED_EDGE('',*,*,#2508,.T.);
#3000 = ORIENTED_EDGE('',*,*,#3001,.F.);
#3001 = EDGE_CURVE('',#2799,#2511,#3002,.T.);
#3002 = SURFACE_CURVE('',#3003,(#3007,#3014),.PCURVE_S1.);
#3003 = LINE('',#3004,#3005);
#3004 = CARTESIAN_POINT('',(84.,56.5,-75.));
#3005 = VECTOR('',#3006,1.);
#3006 = DIRECTION('',(0.,0.,1.));
#3007 = PCURVE('',#2111,#3008);
#3008 = DEFINITIONAL_REPRESENTATION('',(#3009),#3013);
#3009 = LINE('',#3010,#3011);
#3010 = CARTESIAN_POINT('',(0.,174.));
#3011 = VECTOR('',#3012,1.);
#3012 = DIRECTION('',(1.,0.));
#3013 = ( GEOMETRIC_REPRESENTATION_CONTEXT(2) 
PARAMETRIC_REPRESENTATION_CONTEXT() REPRESENTATION_CONTEXT('2D SPACE',''
  ) );
#3014 = PCURVE('',#2706,#3015);
#3015 = DEFINITIONAL_REPRESENTATION('',(#3016),#3020);
#3016 = LINE('',#3017,#3018);
#3017 = CARTESIAN_POINT('',(1.570796326795,0.));
#3018 = VECTOR('',#3019,1.);
#3019 = DIRECTION('',(0.,1.));
#3020 = ( GEOMETRIC_REPRESENTATION_CONTEXT(2) 
PARAMETRIC_REPRESENTATION_CONTEXT() REPRESENTATION_CONTEXT('2D SPACE',''
  ) );
#3021 = ORIENTED_EDGE('',*,*,#2822,.F.);
#3022 = FACE_BOUND('',#3023,.F.);
#3023 = EDGE_LOOP('',(#3024,#3025,#3026,#3047,#3073,#3099,#3125,#3144));
#3024 = ORIENTED_EDGE('',*,*,#2485,.T.);
#3025 = ORIENTED_EDGE('',*,*,#2413,.T.);
#3026 = ORIENTED_EDGE('',*,*,#3027,.T.);
#3027 = EDGE_CURVE('',#2414,#3028,#3030,.T.);
#3028 = VERTEX_POINT('',#3029);
#3029 = CARTESIAN_POINT('',(-65.,56.5,47.5));
#3030 = SURFACE_CURVE('',#3031,(#3035,#3041),.PCURVE_S1.);
#3031 = LINE('',#3032,#3033);
#3032 = CARTESIAN_POINT('',(-77.5,56.5,47.5));
#3033 = VECTOR('',#3034,1.);
#3034 = DIRECTION('',(-1.,0.,0.));
#3035 = PCURVE('',#2111,#3036);
#3036 = DEFINITIONAL_REPRESENTATION('',(#3037),#3040);
#3037 = B_SPLINE_CURVE_WITH_KNOTS('',1,(#3038,#3039),.UNSPECIFIED.,.F.,
  .F.,(2,2),(-142.5,-12.5),.PIECEWISE_BEZIER_KNOTS.);
#3038 = CARTESIAN_POINT('',(122.5,155.));
#3039 = CARTESIAN_POINT('',(122.5,25.));
#3040 = ( GEOMETRIC_REPRESENTATION_CONTEXT(2) 
PARAMETRIC_REPRESENTATION_CONTEXT() REPRESENTATION_CONTEXT('2D SPACE',''
  ) );
#3041 = PCURVE('',#2449,#3042);
#3042 = DEFINITIONAL_REPRESENTATION('',(#3043),#3046);
#3043 = B_SPLINE_CURVE_WITH_KNOTS('',1,(#3044,#3045),.UNSPECIFIED.,.F.,
  .F.,(2,2),(-142.5,-12.5),.PIECEWISE_BEZIER_KNOTS.);
#3044 = CARTESIAN_POINT('',(130.,-176.5000003));
#3045 = CARTESIAN_POINT('',(0.,-176.5000003));
#3046 = ( GEOMETRIC_REPRESENTATION_CONTEXT(2) 
PARAMETRIC_REPRESENTATION_CONTEXT() REPRESENTATION_CONTEXT('2D SPACE',''
  ) );
#3047 = ORIENTED_EDGE('',*,*,#3048,.T.);
#3048 = EDGE_CURVE('',#3028,#3049,#3051,.T.);
#3049 = VERTEX_POINT('',#3050);
#3050 = CARTESIAN_POINT('',(-65.,56.5,-47.5));
#3051 = SURFACE_CURVE('',#3052,(#3056,#3062),.PCURVE_S1.);
#3052 = LINE('',#3053,#3054);
#3053 = CARTESIAN_POINT('',(-65.,56.5,-61.25));
#3054 = VECTOR('',#3055,1.);
#3055 = DIRECTION('',(0.,0.,-1.));
#3056 = PCURVE('',#2111,#3057);
#3057 = DEFINITIONAL_REPRESENTATION('',(#3058),#3061);
#3058 = B_SPLINE_CURVE_WITH_KNOTS('',1,(#3059,#3060),.UNSPECIFIED.,.F.,
  .F.,(2,2),(-108.75,-13.75),.PIECEWISE_BEZIER_KNOTS.);
#3059 = CARTESIAN_POINT('',(122.5,25.));
#3060 = CARTESIAN_POINT('',(27.5,25.));
#3061 = ( GEOMETRIC_REPRESENTATION_CONTEXT(2) 
PARAMETRIC_REPRESENTATION_CONTEXT() REPRESENTATION_CONTEXT('2D SPACE',''
  ) );
#3062 = PCURVE('',#3063,#3068);
#3063 = PLANE('',#3064);
#3064 = AXIS2_PLACEMENT_3D('',#3065,#3066,#3067);
#3065 = CARTESIAN_POINT('',(-65.,-120.0000003,-47.5));
#3066 = DIRECTION('',(1.,0.,0.));
#3067 = DIRECTION('',(0.,0.,1.));
#3068 = DEFINITIONAL_REPRESENTATION('',(#3069),#3072);
#3069 = B_SPLINE_CURVE_WITH_KNOTS('',1,(#3070,#3071),.UNSPECIFIED.,.F.,
  .F.,(2,2),(-108.75,-13.75),.PIECEWISE_BEZIER_KNOTS.);
#3070 = CARTESIAN_POINT('',(95.,-176.5000003));
#3071 = CARTESIAN_POINT('',(0.,-176.5000003));
#3072 = ( GEOMETRIC_REPRESENTATION_CONTEXT(2) 
PARAMETRIC_REPRESENTATION_CONTEXT() REPRESENTATION_CONTEXT('2D SPACE',''
  ) );
#3073 = ORIENTED_EDGE('',*,*,#3074,.T.);
#3074 = EDGE_CURVE('',#3049,#3075,#3077,.T.);
#3075 = VERTEX_POINT('',#3076);
#3076 = CARTESIAN_POINT('',(65.,56.5,-47.5));
#3077 = SURFACE_CURVE('',#3078,(#3082,#3088),.PCURVE_S1.);
#3078 = LINE('',#3079,#3080);
#3079 = CARTESIAN_POINT('',(-12.5,56.5,-47.5));
#3080 = VECTOR('',#3081,1.);
#3081 = DIRECTION('',(1.,0.,0.));
#3082 = PCURVE('',#2111,#3083);
#3083 = DEFINITIONAL_REPRESENTATION('',(#3084),#3087);
#3084 = B_SPLINE_CURVE_WITH_KNOTS('',1,(#3085,#3086),.UNSPECIFIED.,.F.,
  .F.,(2,2),(-52.5,77.5),.PIECEWISE_BEZIER_KNOTS.);
#3085 = CARTESIAN_POINT('',(27.5,25.));
#3086 = CARTESIAN_POINT('',(27.5,155.));
#3087 = ( GEOMETRIC_REPRESENTATION_CONTEXT(2) 
PARAMETRIC_REPRESENTATION_CONTEXT() REPRESENTATION_CONTEXT('2D SPACE',''
  ) );
#3088 = PCURVE('',#3089,#3094);
#3089 = PLANE('',#3090);
#3090 = AXIS2_PLACEMENT_3D('',#3091,#3092,#3093);
#3091 = CARTESIAN_POINT('',(65.,-120.0000003,-47.5));
#3092 = DIRECTION('',(0.,0.,1.));
#3093 = DIRECTION('',(-1.,0.,0.));
#3094 = DEFINITIONAL_REPRESENTATION('',(#3095),#3098);
#3095 = B_SPLINE_CURVE_WITH_KNOTS('',1,(#3096,#3097),.UNSPECIFIED.,.F.,
  .F.,(2,2),(-52.5,77.5),.PIECEWISE_BEZIER_KNOTS.);
#3096 = CARTESIAN_POINT('',(130.,-176.5000003));
#3097 = CARTESIAN_POINT('',(0.,-176.5000003));
#3098 = ( GEOMETRIC_REPRESENTATION_CONTEXT(2) 
PARAMETRIC_REPRESENTATION_CONTEXT() REPRESENTATION_CONTEXT('2D SPACE',''
  ) );
#3099 = ORIENTED_EDGE('',*,*,#3100,.T.);
#3100 = EDGE_CURVE('',#3075,#3101,#3103,.T.);
#3101 = VERTEX_POINT('',#3102);
#3102 = CARTESIAN_POINT('',(65.,56.5,47.5));
#3103 = SURFACE_CURVE('',#3104,(#3108,#3114),.PCURVE_S1.);
#3104 = LINE('',#3105,#3106);
#3105 = CARTESIAN_POINT('',(65.,56.5,-13.75));
#3106 = VECTOR('',#3107,1.);
#3107 = DIRECTION('',(0.,-0.,1.));
#3108 = PCURVE('',#2111,#3109);
#3109 = DEFINITIONAL_REPRESENTATION('',(#3110),#3113);
#3110 = B_SPLINE_CURVE_WITH_KNOTS('',1,(#3111,#3112),.UNSPECIFIED.,.F.,
  .F.,(2,2),(-33.75,61.25),.PIECEWISE_BEZIER_KNOTS.);
#3111 = CARTESIAN_POINT('',(27.5,155.));
#3112 = CARTESIAN_POINT('',(122.5,155.));
#3113 = ( GEOMETRIC_REPRESENTATION_CONTEXT(2) 
PARAMETRIC_REPRESENTATION_CONTEXT() REPRESENTATION_CONTEXT('2D SPACE',''
  ) );
#3114 = PCURVE('',#3115,#3120);
#3115 = PLANE('',#3116);
#3116 = AXIS2_PLACEMENT_3D('',#3117,#3118,#3119);
#3117 = CARTESIAN_POINT('',(65.,-120.0000003,47.5));
#3118 = DIRECTION('',(-1.,0.,0.));
#3119 = DIRECTION('',(0.,0.,-1.));
#3120 = DEFINITIONAL_REPRESENTATION('',(#3121),#3124);
#3121 = B_SPLINE_CURVE_WITH_KNOTS('',1,(#3122,#3123),.UNSPECIFIED.,.F.,
  .F.,(2,2),(-33.75,61.25),.PIECEWISE_BEZIER_KNOTS.);
#3122 = CARTESIAN_POINT('',(95.,-176.5000003));
#3123 = CARTESIAN_POINT('',(0.,-176.5000003));
#3124 = ( GEOMETRIC_REPRESENTATION_CONTEXT(2) 
PARAMETRIC_REPRESENTATION_CONTEXT() REPRESENTATION_CONTEXT('2D SPACE',''
  ) );
#3125 = ORIENTED_EDGE('',*,*,#3126,.T.);
#3126 = EDGE_CURVE('',#3101,#2071,#3127,.T.);
#3127 = SURFACE_CURVE('',#3128,(#3132,#3138),.PCURVE_S1.);
#3128 = LINE('',#3129,#3130);
#3129 = CARTESIAN_POINT('',(-77.5,56.5,47.5));
#3130 = VECTOR('',#3131,1.);
#3131 = DIRECTION('',(-1.,0.,0.));
#3132 = PCURVE('',#2111,#3133);
#3133 = DEFINITIONAL_REPRESENTATION('',(#3134),#3137);
#3134 = B_SPLINE_CURVE_WITH_KNOTS('',1,(#3135,#3136),.UNSPECIFIED.,.F.,
  .F.,(2,2),(-142.5,-12.5),.PIECEWISE_BEZIER_KNOTS.);
#3135 = CARTESIAN_POINT('',(122.5,155.));
#3136 = CARTESIAN_POINT('',(122.5,25.));
#3137 = ( GEOMETRIC_REPRESENTATION_CONTEXT(2) 
PARAMETRIC_REPRESENTATION_CONTEXT() REPRESENTATION_CONTEXT('2D SPACE',''
  ) );
#3138 = PCURVE('',#2085,#3139);
#3139 = DEFINITIONAL_REPRESENTATION('',(#3140),#3143);
#3140 = B_SPLINE_CURVE_WITH_KNOTS('',1,(#3141,#3142),.UNSPECIFIED.,.F.,
  .F.,(2,2),(-142.5,-12.5),.PIECEWISE_BEZIER_KNOTS.);
#3141 = CARTESIAN_POINT('',(130.,-176.5000003));
#3142 = CARTESIAN_POINT('',(0.,-176.5000003));
#3143 = ( GEOMETRIC_REPRESENTATION_CONTEXT(2) 
PARAMETRIC_REPRESENTATION_CONTEXT() REPRESENTATION_CONTEXT('2D SPACE',''
  ) );
#3144 = ORIENTED_EDGE('',*,*,#2096,.T.);
#3145 = ADVANCED_FACE('',(#3146),#2085,.T.);
#3146 = FACE_BOUND('',#3147,.T.);
#3147 = EDGE_LOOP('',(#3148,#3171,#3172,#3173));
#3148 = ORIENTED_EDGE('',*,*,#3149,.F.);
#3149 = EDGE_CURVE('',#3101,#3150,#3152,.T.);
#3150 = VERTEX_POINT('',#3151);
#3151 = CARTESIAN_POINT('',(65.,57.,47.5));
#3152 = SURFACE_CURVE('',#3153,(#3157,#3164),.PCURVE_S1.);
#3153 = LINE('',#3154,#3155);
#3154 = CARTESIAN_POINT('',(65.,-120.0000003,47.5));
#3155 = VECTOR('',#3156,1.);
#3156 = DIRECTION('',(0.,1.,0.));
#3157 = PCURVE('',#2085,#3158);
#3158 = DEFINITIONAL_REPRESENTATION('',(#3159),#3163);
#3159 = LINE('',#3160,#3161);
#3160 = CARTESIAN_POINT('',(130.,0.));
#3161 = VECTOR('',#3162,1.);
#3162 = DIRECTION('',(0.,-1.));
#3163 = ( GEOMETRIC_REPRESENTATION_CONTEXT(2) 
PARAMETRIC_REPRESENTATION_CONTEXT() REPRESENTATION_CONTEXT('2D SPACE',''
  ) );
#3164 = PCURVE('',#3115,#3165);
#3165 = DEFINITIONAL_REPRESENTATION('',(#3166),#3170);
#3166 = LINE('',#3167,#3168);
#3167 = CARTESIAN_POINT('',(0.,-0.));
#3168 = VECTOR('',#3169,1.);
#3169 = DIRECTION('',(0.,-1.));
#3170 = ( GEOMETRIC_REPRESENTATION_CONTEXT(2) 
PARAMETRIC_REPRESENTATION_CONTEXT() REPRESENTATION_CONTEXT('2D SPACE',''
  ) );
#3171 = ORIENTED_EDGE('',*,*,#3126,.T.);
#3172 = ORIENTED_EDGE('',*,*,#2070,.F.);
#3173 = ORIENTED_EDGE('',*,*,#3174,.T.);
#3174 = EDGE_CURVE('',#2045,#3150,#3175,.T.);
#3175 = SURFACE_CURVE('',#3176,(#3180,#3186),.PCURVE_S1.);
#3176 = LINE('',#3177,#3178);
#3177 = CARTESIAN_POINT('',(-32.5,57.,47.5));
#3178 = VECTOR('',#3179,1.);
#3179 = DIRECTION('',(1.,-0.,0.));
#3180 = PCURVE('',#2085,#3181);
#3181 = DEFINITIONAL_REPRESENTATION('',(#3182),#3185);
#3182 = B_SPLINE_CURVE_WITH_KNOTS('',1,(#3183,#3184),.UNSPECIFIED.,.F.,
  .F.,(2,2),(92.5,97.5),.PIECEWISE_BEZIER_KNOTS.);
#3183 = CARTESIAN_POINT('',(125.,-177.0000003));
#3184 = CARTESIAN_POINT('',(130.,-177.0000003));
#3185 = ( GEOMETRIC_REPRESENTATION_CONTEXT(2) 
PARAMETRIC_REPRESENTATION_CONTEXT() REPRESENTATION_CONTEXT('2D SPACE',''
  ) );
#3186 = PCURVE('',#2059,#3187);
#3187 = DEFINITIONAL_REPRESENTATION('',(#3188),#3191);
#3188 = B_SPLINE_CURVE_WITH_KNOTS('',1,(#3189,#3190),.UNSPECIFIED.,.F.,
  .F.,(2,2),(92.5,97.5),.PIECEWISE_BEZIER_KNOTS.);
#3189 = CARTESIAN_POINT('',(47.5,60.));
#3190 = CARTESIAN_POINT('',(47.5,65.));
#3191 = ( GEOMETRIC_REPRESENTATION_CONTEXT(2) 
PARAMETRIC_REPRESENTATION_CONTEXT() REPRESENTATION_CONTEXT('2D SPACE',''
  ) );
#3192 = ADVANCED_FACE('',(#3193),#2059,.T.);
#3193 = FACE_BOUND('',#3194,.T.);
#3194 = EDGE_LOOP('',(#3195,#3196,#3197,#3198,#3199,#3200,#3221,#3242,
    #3263,#3282,#3283,#3284));
#3195 = ORIENTED_EDGE('',*,*,#2196,.T.);
#3196 = ORIENTED_EDGE('',*,*,#2245,.T.);
#3197 = ORIENTED_EDGE('',*,*,#2294,.T.);
#3198 = ORIENTED_EDGE('',*,*,#2344,.T.);
#3199 = ORIENTED_EDGE('',*,*,#2460,.F.);
#3200 = ORIENTED_EDGE('',*,*,#3201,.F.);
#3201 = EDGE_CURVE('',#3202,#2435,#3204,.T.);
#3202 = VERTEX_POINT('',#3203);
#3203 = CARTESIAN_POINT('',(-65.,57.,47.5));
#3204 = SURFACE_CURVE('',#3205,(#3209,#3215),.PCURVE_S1.);
#3205 = LINE('',#3206,#3207);
#3206 = CARTESIAN_POINT('',(-32.5,57.,47.5));
#3207 = VECTOR('',#3208,1.);
#3208 = DIRECTION('',(1.,-0.,0.));
#3209 = PCURVE('',#2059,#3210);
#3210 = DEFINITIONAL_REPRESENTATION('',(#3211),#3214);
#3211 = B_SPLINE_CURVE_WITH_KNOTS('',1,(#3212,#3213),.UNSPECIFIED.,.F.,
  .F.,(2,2),(-32.5,-27.5),.PIECEWISE_BEZIER_KNOTS.);
#3212 = CARTESIAN_POINT('',(47.5,-65.));
#3213 = CARTESIAN_POINT('',(47.5,-60.));
#3214 = ( GEOMETRIC_REPRESENTATION_CONTEXT(2) 
PARAMETRIC_REPRESENTATION_CONTEXT() REPRESENTATION_CONTEXT('2D SPACE',''
  ) );
#3215 = PCURVE('',#2449,#3216);
#3216 = DEFINITIONAL_REPRESENTATION('',(#3217),#3220);
#3217 = B_SPLINE_CURVE_WITH_KNOTS('',1,(#3218,#3219),.UNSPECIFIED.,.F.,
  .F.,(2,2),(-32.5,-27.5),.PIECEWISE_BEZIER_KNOTS.);
#3218 = CARTESIAN_POINT('',(0.,-177.0000003));
#3219 = CARTESIAN_POINT('',(5.,-177.0000003));
#3220 = ( GEOMETRIC_REPRESENTATION_CONTEXT(2) 
PARAMETRIC_REPRESENTATION_CONTEXT() REPRESENTATION_CONTEXT('2D SPACE',''
  ) );
#3221 = ORIENTED_EDGE('',*,*,#3222,.F.);
#3222 = EDGE_CURVE('',#3223,#3202,#3225,.T.);
#3223 = VERTEX_POINT('',#3224);
#3224 = CARTESIAN_POINT('',(-65.,57.,-47.5));
#3225 = SURFACE_CURVE('',#3226,(#3230,#3236),.PCURVE_S1.);
#3226 = LINE('',#3227,#3228);
#3227 = CARTESIAN_POINT('',(-65.,57.,-23.75));
#3228 = VECTOR('',#3229,1.);
#3229 = DIRECTION('',(0.,0.,1.));
#3230 = PCURVE('',#2059,#3231);
#3231 = DEFINITIONAL_REPRESENTATION('',(#3232),#3235);
#3232 = B_SPLINE_CURVE_WITH_KNOTS('',1,(#3233,#3234),.UNSPECIFIED.,.F.,
  .F.,(2,2),(-23.75,71.25),.PIECEWISE_BEZIER_KNOTS.);
#3233 = CARTESIAN_POINT('',(-47.5,-65.));
#3234 = CARTESIAN_POINT('',(47.5,-65.));
#3235 = ( GEOMETRIC_REPRESENTATION_CONTEXT(2) 
PARAMETRIC_REPRESENTATION_CONTEXT() REPRESENTATION_CONTEXT('2D SPACE',''
  ) );
#3236 = PCURVE('',#3063,#3237);
#3237 = DEFINITIONAL_REPRESENTATION('',(#3238),#3241);
#3238 = B_SPLINE_CURVE_WITH_KNOTS('',1,(#3239,#3240),.UNSPECIFIED.,.F.,
  .F.,(2,2),(-23.75,71.25),.PIECEWISE_BEZIER_KNOTS.);
#3239 = CARTESIAN_POINT('',(0.,-177.0000003));
#3240 = CARTESIAN_POINT('',(95.,-177.0000003));
#3241 = ( GEOMETRIC_REPRESENTATION_CONTEXT(2) 
PARAMETRIC_REPRESENTATION_CONTEXT() REPRESENTATION_CONTEXT('2D SPACE',''
  ) );
#3242 = ORIENTED_EDGE('',*,*,#3243,.F.);
#3243 = EDGE_CURVE('',#3244,#3223,#3246,.T.);
#3244 = VERTEX_POINT('',#3245);
#3245 = CARTESIAN_POINT('',(65.,57.,-47.5));
#3246 = SURFACE_CURVE('',#3247,(#3251,#3257),.PCURVE_S1.);
#3247 = LINE('',#3248,#3249);
#3248 = CARTESIAN_POINT('',(32.5,57.,-47.5));
#3249 = VECTOR('',#3250,1.);
#3250 = DIRECTION('',(-1.,0.,0.));
#3251 = PCURVE('',#2059,#3252);
#3252 = DEFINITIONAL_REPRESENTATION('',(#3253),#3256);
#3253 = B_SPLINE_CURVE_WITH_KNOTS('',1,(#3254,#3255),.UNSPECIFIED.,.F.,
  .F.,(2,2),(-32.5,97.5),.PIECEWISE_BEZIER_KNOTS.);
#3254 = CARTESIAN_POINT('',(-47.5,65.));
#3255 = CARTESIAN_POINT('',(-47.5,-65.));
#3256 = ( GEOMETRIC_REPRESENTATION_CONTEXT(2) 
PARAMETRIC_REPRESENTATION_CONTEXT() REPRESENTATION_CONTEXT('2D SPACE',''
  ) );
#3257 = PCURVE('',#3089,#3258);
#3258 = DEFINITIONAL_REPRESENTATION('',(#3259),#3262);
#3259 = B_SPLINE_CURVE_WITH_KNOTS('',1,(#3260,#3261),.UNSPECIFIED.,.F.,
  .F.,(2,2),(-32.5,97.5),.PIECEWISE_BEZIER_KNOTS.);
#3260 = CARTESIAN_POINT('',(0.,-177.0000003));
#3261 = CARTESIAN_POINT('',(130.,-177.0000003));
#3262 = ( GEOMETRIC_REPRESENTATION_CONTEXT(2) 
PARAMETRIC_REPRESENTATION_CONTEXT() REPRESENTATION_CONTEXT('2D SPACE',''
  ) );
#3263 = ORIENTED_EDGE('',*,*,#3264,.F.);
#3264 = EDGE_CURVE('',#3150,#3244,#3265,.T.);
#3265 = SURFACE_CURVE('',#3266,(#3270,#3276),.PCURVE_S1.);
#3266 = LINE('',#3267,#3268);
#3267 = CARTESIAN_POINT('',(65.,57.,23.75));
#3268 = VECTOR('',#3269,1.);
#3269 = DIRECTION('',(0.,0.,-1.));
#3270 = PCURVE('',#2059,#3271);
#3271 = DEFINITIONAL_REPRESENTATION('',(#3272),#3275);
#3272 = B_SPLINE_CURVE_WITH_KNOTS('',1,(#3273,#3274),.UNSPECIFIED.,.F.,
  .F.,(2,2),(-23.75,71.25),.PIECEWISE_BEZIER_KNOTS.);
#3273 = CARTESIAN_POINT('',(47.5,65.));
#3274 = CARTESIAN_POINT('',(-47.5,65.));
#3275 = ( GEOMETRIC_REPRESENTATION_CONTEXT(2) 
PARAMETRIC_REPRESENTATION_CONTEXT() REPRESENTATION_CONTEXT('2D SPACE',''
  ) );
#3276 = PCURVE('',#3115,#3277);
#3277 = DEFINITIONAL_REPRESENTATION('',(#3278),#3281);
#3278 = B_SPLINE_CURVE_WITH_KNOTS('',1,(#3279,#3280),.UNSPECIFIED.,.F.,
  .F.,(2,2),(-23.75,71.25),.PIECEWISE_BEZIER_KNOTS.);
#3279 = CARTESIAN_POINT('',(0.,-177.0000003));
#3280 = CARTESIAN_POINT('',(95.,-177.0000003));
#3281 = ( GEOMETRIC_REPRESENTATION_CONTEXT(2) 
PARAMETRIC_REPRESENTATION_CONTEXT() REPRESENTATION_CONTEXT('2D SPACE',''
  ) );
#3282 = ORIENTED_EDGE('',*,*,#3174,.F.);
#3283 = ORIENTED_EDGE('',*,*,#2044,.F.);
#3284 = ORIENTED_EDGE('',*,*,#2148,.T.);
#3285 = ADVANCED_FACE('',(#3286),#2449,.T.);
#3286 = FACE_BOUND('',#3287,.T.);
#3287 = EDGE_LOOP('',(#3288,#3289,#3290,#3311));
#3288 = ORIENTED_EDGE('',*,*,#2434,.F.);
#3289 = ORIENTED_EDGE('',*,*,#3027,.T.);
#3290 = ORIENTED_EDGE('',*,*,#3291,.T.);
#3291 = EDGE_CURVE('',#3028,#3202,#3292,.T.);
#3292 = SURFACE_CURVE('',#3293,(#3297,#3304),.PCURVE_S1.);
#3293 = LINE('',#3294,#3295);
#3294 = CARTESIAN_POINT('',(-65.,-120.0000003,47.5));
#3295 = VECTOR('',#3296,1.);
#3296 = DIRECTION('',(0.,1.,0.));
#3297 = PCURVE('',#2449,#3298);
#3298 = DEFINITIONAL_REPRESENTATION('',(#3299),#3303);
#3299 = LINE('',#3300,#3301);
#3300 = CARTESIAN_POINT('',(0.,0.));
#3301 = VECTOR('',#3302,1.);
#3302 = DIRECTION('',(0.,-1.));
#3303 = ( GEOMETRIC_REPRESENTATION_CONTEXT(2) 
PARAMETRIC_REPRESENTATION_CONTEXT() REPRESENTATION_CONTEXT('2D SPACE',''
  ) );
#3304 = PCURVE('',#3063,#3305);
#3305 = DEFINITIONAL_REPRESENTATION('',(#3306),#3310);
#3306 = LINE('',#3307,#3308);
#3307 = CARTESIAN_POINT('',(95.,0.));
#3308 = VECTOR('',#3309,1.);
#3309 = DIRECTION('',(0.,-1.));
#3310 = ( GEOMETRIC_REPRESENTATION_CONTEXT(2) 
PARAMETRIC_REPRESENTATION_CONTEXT() REPRESENTATION_CONTEXT('2D SPACE',''
  ) );
#3311 = ORIENTED_EDGE('',*,*,#3201,.T.);
#3312 = ADVANCED_FACE('',(#3313),#2548,.F.);
#3313 = FACE_BOUND('',#3314,.T.);
#3314 = EDGE_LOOP('',(#3315,#3316,#3317,#3318));
#3315 = ORIENTED_EDGE('',*,*,#2843,.F.);
#3316 = ORIENTED_EDGE('',*,*,#2979,.T.);
#3317 = ORIENTED_EDGE('',*,*,#2531,.T.);
#3318 = ORIENTED_EDGE('',*,*,#3319,.F.);
#3319 = EDGE_CURVE('',#2844,#2532,#3320,.T.);
#3320 = SURFACE_CURVE('',#3321,(#3325,#3332),.PCURVE_S1.);
#3321 = LINE('',#3322,#3323);
#3322 = CARTESIAN_POINT('',(-86.5,54.,-75.));
#3323 = VECTOR('',#3324,1.);
#3324 = DIRECTION('',(0.,0.,1.));
#3325 = PCURVE('',#2548,#3326);
#3326 = DEFINITIONAL_REPRESENTATION('',(#3327),#3331);
#3327 = LINE('',#3328,#3329);
#3328 = CARTESIAN_POINT('',(-0.,0.));
#3329 = VECTOR('',#3330,1.);
#3330 = DIRECTION('',(-0.,1.));
#3331 = ( GEOMETRIC_REPRESENTATION_CONTEXT(2) 
PARAMETRIC_REPRESENTATION_CONTEXT() REPRESENTATION_CONTEXT('2D SPACE',''
  ) );
#3332 = PCURVE('',#2575,#3333);
#3333 = DEFINITIONAL_REPRESENTATION('',(#3334),#3338);
#3334 = LINE('',#3335,#3336);
#3335 = CARTESIAN_POINT('',(0.,-114.));
#3336 = VECTOR('',#3337,1.);
#3337 = DIRECTION('',(1.,0.));
#3338 = ( GEOMETRIC_REPRESENTATION_CONTEXT(2) 
PARAMETRIC_REPRESENTATION_CONTEXT() REPRESENTATION_CONTEXT('2D SPACE',''
  ) );
#3339 = ADVANCED_FACE('',(#3340),#2706,.F.);
#3340 = FACE_BOUND('',#3341,.F.);
#3341 = EDGE_LOOP('',(#3342,#3363,#3364,#3365));
#3342 = ORIENTED_EDGE('',*,*,#3343,.F.);
#3343 = EDGE_CURVE('',#2778,#2666,#3344,.T.);
#3344 = SURFACE_CURVE('',#3345,(#3349,#3356),.PCURVE_S1.);
#3345 = LINE('',#3346,#3347);
#3346 = CARTESIAN_POINT('',(86.5,54.,-75.));
#3347 = VECTOR('',#3348,1.);
#3348 = DIRECTION('',(0.,0.,1.));
#3349 = PCURVE('',#2706,#3350);
#3350 = DEFINITIONAL_REPRESENTATION('',(#3351),#3355);
#3351 = LINE('',#3352,#3353);
#3352 = CARTESIAN_POINT('',(0.,0.));
#3353 = VECTOR('',#3354,1.);
#3354 = DIRECTION('',(0.,1.));
#3355 = ( GEOMETRIC_REPRESENTATION_CONTEXT(2) 
PARAMETRIC_REPRESENTATION_CONTEXT() REPRESENTATION_CONTEXT('2D SPACE',''
  ) );
#3356 = PCURVE('',#2680,#3357);
#3357 = DEFINITIONAL_REPRESENTATION('',(#3358),#3362);
#3358 = LINE('',#3359,#3360);
#3359 = CARTESIAN_POINT('',(0.,-114.));
#3360 = VECTOR('',#3361,1.);
#3361 = DIRECTION('',(1.,0.));
#3362 = ( GEOMETRIC_REPRESENTATION_CONTEXT(2) 
PARAMETRIC_REPRESENTATION_CONTEXT() REPRESENTATION_CONTEXT('2D SPACE',''
  ) );
#3363 = ORIENTED_EDGE('',*,*,#2798,.T.);
#3364 = ORIENTED_EDGE('',*,*,#3001,.T.);
#3365 = ORIENTED_EDGE('',*,*,#2691,.F.);
#3366 = ADVANCED_FACE('',(#3367),#2575,.T.);
#3367 = FACE_BOUND('',#3368,.T.);
#3368 = EDGE_LOOP('',(#3369,#3390,#3391,#3392));
#3369 = ORIENTED_EDGE('',*,*,#3370,.F.);
#3370 = EDGE_CURVE('',#2868,#2561,#3371,.T.);
#3371 = SURFACE_CURVE('',#3372,(#3376,#3383),.PCURVE_S1.);
#3372 = LINE('',#3373,#3374);
#3373 = CARTESIAN_POINT('',(-86.5,-54.,-75.));
#3374 = VECTOR('',#3375,1.);
#3375 = DIRECTION('',(0.,0.,1.));
#3376 = PCURVE('',#2575,#3377);
#3377 = DEFINITIONAL_REPRESENTATION('',(#3378),#3382);
#3378 = LINE('',#3379,#3380);
#3379 = CARTESIAN_POINT('',(0.,-6.));
#3380 = VECTOR('',#3381,1.);
#3381 = DIRECTION('',(1.,0.));
#3382 = ( GEOMETRIC_REPRESENTATION_CONTEXT(2) 
PARAMETRIC_REPRESENTATION_CONTEXT() REPRESENTATION_CONTEXT('2D SPACE',''
  ) );
#3383 = PCURVE('',#2603,#3384);
#3384 = DEFINITIONAL_REPRESENTATION('',(#3385),#3389);
#3385 = LINE('',#3386,#3387);
#3386 = CARTESIAN_POINT('',(0.,0.));
#3387 = VECTOR('',#3388,1.);
#3388 = DIRECTION('',(0.,1.));
#3389 = ( GEOMETRIC_REPRESENTATION_CONTEXT(2) 
PARAMETRIC_REPRESENTATION_CONTEXT() REPRESENTATION_CONTEXT('2D SPACE',''
  ) );
#3390 = ORIENTED_EDGE('',*,*,#2867,.F.);
#3391 = ORIENTED_EDGE('',*,*,#3319,.T.);
#3392 = ORIENTED_EDGE('',*,*,#2560,.T.);
#3393 = ADVANCED_FACE('',(#3394),#2680,.F.);
#3394 = FACE_BOUND('',#3395,.F.);
#3395 = EDGE_LOOP('',(#3396,#3397,#3398,#3399));
#3396 = ORIENTED_EDGE('',*,*,#2777,.F.);
#3397 = ORIENTED_EDGE('',*,*,#3343,.T.);
#3398 = ORIENTED_EDGE('',*,*,#2665,.T.);
#3399 = ORIENTED_EDGE('',*,*,#3400,.F.);
#3400 = EDGE_CURVE('',#2754,#2637,#3401,.T.);
#3401 = SURFACE_CURVE('',#3402,(#3406,#3413),.PCURVE_S1.);
#3402 = LINE('',#3403,#3404);
#3403 = CARTESIAN_POINT('',(86.5,-54.,-75.));
#3404 = VECTOR('',#3405,1.);
#3405 = DIRECTION('',(0.,0.,1.));
#3406 = PCURVE('',#2680,#3407);
#3407 = DEFINITIONAL_REPRESENTATION('',(#3408),#3412);
#3408 = LINE('',#3409,#3410);
#3409 = CARTESIAN_POINT('',(0.,-6.));
#3410 = VECTOR('',#3411,1.);
#3411 = DIRECTION('',(1.,0.));
#3412 = ( GEOMETRIC_REPRESENTATION_CONTEXT(2) 
PARAMETRIC_REPRESENTATION_CONTEXT() REPRESENTATION_CONTEXT('2D SPACE',''
  ) );
#3413 = PCURVE('',#2653,#3414);
#3414 = DEFINITIONAL_REPRESENTATION('',(#3415),#3419);
#3415 = LINE('',#3416,#3417);
#3416 = CARTESIAN_POINT('',(-0.,0.));
#3417 = VECTOR('',#3418,1.);
#3418 = DIRECTION('',(-0.,1.));
#3419 = ( GEOMETRIC_REPRESENTATION_CONTEXT(2) 
PARAMETRIC_REPRESENTATION_CONTEXT() REPRESENTATION_CONTEXT('2D SPACE',''
  ) );
#3420 = ADVANCED_FACE('',(#3421),#2603,.F.);
#3421 = FACE_BOUND('',#3422,.F.);
#3422 = EDGE_LOOP('',(#3423,#3424,#3425,#3426));
#3423 = ORIENTED_EDGE('',*,*,#2922,.T.);
#3424 = ORIENTED_EDGE('',*,*,#2586,.F.);
#3425 = ORIENTED_EDGE('',*,*,#3370,.F.);
#3426 = ORIENTED_EDGE('',*,*,#2888,.T.);
#3427 = ADVANCED_FACE('',(#3428),#2653,.F.);
#3428 = FACE_BOUND('',#3429,.T.);
#3429 = EDGE_LOOP('',(#3430,#3431,#3432,#3433));
#3430 = ORIENTED_EDGE('',*,*,#3400,.F.);
#3431 = ORIENTED_EDGE('',*,*,#2753,.F.);
#3432 = ORIENTED_EDGE('',*,*,#2944,.T.);
#3433 = ORIENTED_EDGE('',*,*,#2636,.T.);
#3434 = ADVANCED_FACE('',(#3435),#3115,.T.);
#3435 = FACE_BOUND('',#3436,.T.);
#3436 = EDGE_LOOP('',(#3437,#3458,#3459,#3460));
#3437 = ORIENTED_EDGE('',*,*,#3438,.F.);
#3438 = EDGE_CURVE('',#3075,#3244,#3439,.T.);
#3439 = SURFACE_CURVE('',#3440,(#3444,#3451),.PCURVE_S1.);
#3440 = LINE('',#3441,#3442);
#3441 = CARTESIAN_POINT('',(65.,-120.0000003,-47.5));
#3442 = VECTOR('',#3443,1.);
#3443 = DIRECTION('',(0.,1.,0.));
#3444 = PCURVE('',#3115,#3445);
#3445 = DEFINITIONAL_REPRESENTATION('',(#3446),#3450);
#3446 = LINE('',#3447,#3448);
#3447 = CARTESIAN_POINT('',(95.,0.));
#3448 = VECTOR('',#3449,1.);
#3449 = DIRECTION('',(0.,-1.));
#3450 = ( GEOMETRIC_REPRESENTATION_CONTEXT(2) 
PARAMETRIC_REPRESENTATION_CONTEXT() REPRESENTATION_CONTEXT('2D SPACE',''
  ) );
#3451 = PCURVE('',#3089,#3452);
#3452 = DEFINITIONAL_REPRESENTATION('',(#3453),#3457);
#3453 = LINE('',#3454,#3455);
#3454 = CARTESIAN_POINT('',(0.,0.));
#3455 = VECTOR('',#3456,1.);
#3456 = DIRECTION('',(0.,-1.));
#3457 = ( GEOMETRIC_REPRESENTATION_CONTEXT(2) 
PARAMETRIC_REPRESENTATION_CONTEXT() REPRESENTATION_CONTEXT('2D SPACE',''
  ) );
#3458 = ORIENTED_EDGE('',*,*,#3100,.T.);
#3459 = ORIENTED_EDGE('',*,*,#3149,.T.);
#3460 = ORIENTED_EDGE('',*,*,#3264,.T.);
#3461 = ADVANCED_FACE('',(#3462),#3089,.T.);
#3462 = FACE_BOUND('',#3463,.T.);
#3463 = EDGE_LOOP('',(#3464,#3485,#3486,#3487));
#3464 = ORIENTED_EDGE('',*,*,#3465,.F.);
#3465 = EDGE_CURVE('',#3049,#3223,#3466,.T.);
#3466 = SURFACE_CURVE('',#3467,(#3471,#3478),.PCURVE_S1.);
#3467 = LINE('',#3468,#3469);
#3468 = CARTESIAN_POINT('',(-65.,-120.0000003,-47.5));
#3469 = VECTOR('',#3470,1.);
#3470 = DIRECTION('',(0.,1.,0.));
#3471 = PCURVE('',#3089,#3472);
#3472 = DEFINITIONAL_REPRESENTATION('',(#3473),#3477);
#3473 = LINE('',#3474,#3475);
#3474 = CARTESIAN_POINT('',(130.,0.));
#3475 = VECTOR('',#3476,1.);
#3476 = DIRECTION('',(0.,-1.));
#3477 = ( GEOMETRIC_REPRESENTATION_CONTEXT(2) 
PARAMETRIC_REPRESENTATION_CONTEXT() REPRESENTATION_CONTEXT('2D SPACE',''
  ) );
#3478 = PCURVE('',#3063,#3479);
#3479 = DEFINITIONAL_REPRESENTATION('',(#3480),#3484);
#3480 = LINE('',#3481,#3482);
#3481 = CARTESIAN_POINT('',(0.,0.));
#3482 = VECTOR('',#3483,1.);
#3483 = DIRECTION('',(0.,-1.));
#3484 = ( GEOMETRIC_REPRESENTATION_CONTEXT(2) 
PARAMETRIC_REPRESENTATION_CONTEXT() REPRESENTATION_CONTEXT('2D SPACE',''
  ) );
#3485 = ORIENTED_EDGE('',*,*,#3074,.T.);
#3486 = ORIENTED_EDGE('',*,*,#3438,.T.);
#3487 = ORIENTED_EDGE('',*,*,#3243,.T.);
#3488 = ADVANCED_FACE('',(#3489),#3063,.T.);
#3489 = FACE_BOUND('',#3490,.T.);
#3490 = EDGE_LOOP('',(#3491,#3492,#3493,#3494));
#3491 = ORIENTED_EDGE('',*,*,#3291,.F.);
#3492 = ORIENTED_EDGE('',*,*,#3048,.T.);
#3493 = ORIENTED_EDGE('',*,*,#3465,.T.);
#3494 = ORIENTED_EDGE('',*,*,#3222,.T.);
#3495 = ( GEOMETRIC_REPRESENTATION_CONTEXT(3) 
GLOBAL_UNCERTAINTY_ASSIGNED_CONTEXT((#3499)) 
GLOBAL_UNIT_ASSIGNED_CONTEXT((#3496,#3497,#3498)) REPRESENTATION_CONTEXT
('Context #1','3D Context with UNIT and UNCERTAINTY') );
#3496 = ( LENGTH_UNIT() NAMED_UNIT(*) SI_UNIT(.MILLI.,.METRE.) );
#3497 = ( NAMED_UNIT(*) PLANE_ANGLE_UNIT() SI_UNIT($,.RADIAN.) );
#3498 = ( NAMED_UNIT(*) SI_UNIT($,.STERADIAN.) SOLID_ANGLE_UNIT() );
#3499 = UNCERTAINTY_MEASURE_WITH_UNIT(LENGTH_MEASURE(1.E-05),#3496,
  'distance_accuracy_value','confusion accuracy');
#3500 = CONTEXT_DEPENDENT_SHAPE_REPRESENTATION(#3501,#3503);
#3501 = ( REPRESENTATION_RELATIONSHIP('','',#48,#10) 
REPRESENTATION_RELATIONSHIP_WITH_TRANSFORMATION(#3502) 
SHAPE_REPRESENTATION_RELATIONSHIP() );
#3502 = ITEM_DEFINED_TRANSFORMATION('','',#11,#15);
#3503 = PRODUCT_DEFINITION_SHAPE('Placement','Placement of an item',
  #3504);
#3504 = NEXT_ASSEMBLY_USAGE_OCCURRENCE('1','','',#5,#43,$);
#3505 = PRODUCT_RELATED_PRODUCT_CATEGORY('part',$,(#45));
#3506 = SHAPE_DEFINITION_REPRESENTATION(#3507,#3513);
#3507 = PRODUCT_DEFINITION_SHAPE('','',#3508);
#3508 = PRODUCT_DEFINITION('design','',#3509,#3512);
#3509 = PRODUCT_DEFINITION_FORMATION('','',#3510);
#3510 = PRODUCT('Open CASCADE STEP translator 7.9 1.2',
  'Open CASCADE STEP translator 7.9 1.2','',(#3511));
#3511 = PRODUCT_CONTEXT('',#2,'mechanical');
#3512 = PRODUCT_DEFINITION_CONTEXT('part definition',#2,'design');
#3513 = ADVANCED_BREP_SHAPE_REPRESENTATION('',(#11,#3514),#3612);
#3514 = MANIFOLD_SOLID_BREP('',#3515);
#3515 = CLOSED_SHELL('',(#3516,#3604,#3608));
#3516 = ADVANCED_FACE('',(#3517),#3531,.T.);
#3517 = FACE_BOUND('',#3518,.F.);
#3518 = EDGE_LOOP('',(#3519,#3549,#3576,#3577));
#3519 = ORIENTED_EDGE('',*,*,#3520,.T.);
#3520 = EDGE_CURVE('',#3521,#3523,#3525,.T.);
#3521 = VERTEX_POINT('',#3522);
#3522 = CARTESIAN_POINT('',(-53.,45.,60.));
#3523 = VERTEX_POINT('',#3524);
#3524 = CARTESIAN_POINT('',(-53.,45.,69.));
#3525 = SEAM_CURVE('',#3526,(#3530,#3542),.PCURVE_S1.);
#3526 = LINE('',#3527,#3528);
#3527 = CARTESIAN_POINT('',(-53.,45.,60.));
#3528 = VECTOR('',#3529,1.);
#3529 = DIRECTION('',(0.,0.,1.));
#3530 = PCURVE('',#3531,#3536);
#3531 = CYLINDRICAL_SURFACE('',#3532,7.);
#3532 = AXIS2_PLACEMENT_3D('',#3533,#3534,#3535);
#3533 = CARTESIAN_POINT('',(-60.,45.,60.));
#3534 = DIRECTION('',(-0.,-0.,-1.));
#3535 = DIRECTION('',(1.,0.,0.));
#3536 = DEFINITIONAL_REPRESENTATION('',(#3537),#3541);
#3537 = LINE('',#3538,#3539);
#3538 = CARTESIAN_POINT('',(-0.,0.));
#3539 = VECTOR('',#3540,1.);
#3540 = DIRECTION('',(-0.,-1.));
#3541 = ( GEOMETRIC_REPRESENTATION_CONTEXT(2) 
PARAMETRIC_REPRESENTATION_CONTEXT() REPRESENTATION_CONTEXT('2D SPACE',''
  ) );
#3542 = PCURVE('',#3531,#3543);
#3543 = DEFINITIONAL_REPRESENTATION('',(#3544),#3548);
#3544 = LINE('',#3545,#3546);
#3545 = CARTESIAN_POINT('',(-6.28318530718,0.));
#3546 = VECTOR('',#3547,1.);
#3547 = DIRECTION('',(-0.,-1.));
#3548 = ( GEOMETRIC_REPRESENTATION_CONTEXT(2) 
PARAMETRIC_REPRESENTATION_CONTEXT() REPRESENTATION_CONTEXT('2D SPACE',''
  ) );
#3549 = ORIENTED_EDGE('',*,*,#3550,.T.);
#3550 = EDGE_CURVE('',#3523,#3523,#3551,.T.);
#3551 = SURFACE_CURVE('',#3552,(#3557,#3564),.PCURVE_S1.);
#3552 = CIRCLE('',#3553,7.);
#3553 = AXIS2_PLACEMENT_3D('',#3554,#3555,#3556);
#3554 = CARTESIAN_POINT('',(-60.,45.,69.));
#3555 = DIRECTION('',(0.,0.,1.));
#3556 = DIRECTION('',(1.,0.,0.));
#3557 = PCURVE('',#3531,#3558);
#3558 = DEFINITIONAL_REPRESENTATION('',(#3559),#3563);
#3559 = LINE('',#3560,#3561);
#3560 = CARTESIAN_POINT('',(-0.,-9.));
#3561 = VECTOR('',#3562,1.);
#3562 = DIRECTION('',(-1.,0.));
#3563 = ( GEOMETRIC_REPRESENTATION_CONTEXT(2) 
PARAMETRIC_REPRESENTATION_CONTEXT() REPRESENTATION_CONTEXT('2D SPACE',''
  ) );
#3564 = PCURVE('',#3565,#3570);
#3565 = PLANE('',#3566);
#3566 = AXIS2_PLACEMENT_3D('',#3567,#3568,#3569);
#3567 = CARTESIAN_POINT('',(-60.,45.,69.));
#3568 = DIRECTION('',(0.,0.,1.));
#3569 = DIRECTION('',(1.,0.,-0.));
#3570 = DEFINITIONAL_REPRESENTATION('',(#3571),#3575);
#3571 = CIRCLE('',#3572,7.);
#3572 = AXIS2_PLACEMENT_2D('',#3573,#3574);
#3573 = CARTESIAN_POINT('',(0.,0.));
#3574 = DIRECTION('',(1.,0.));
#3575 = ( GEOMETRIC_REPRESENTATION_CONTEXT(2) 
PARAMETRIC_REPRESENTATION_CONTEXT() REPRESENTATION_CONTEXT('2D SPACE',''
  ) );
#3576 = ORIENTED_EDGE('',*,*,#3520,.F.);
#3577 = ORIENTED_EDGE('',*,*,#3578,.F.);
#3578 = EDGE_CURVE('',#3521,#3521,#3579,.T.);
#3579 = SURFACE_CURVE('',#3580,(#3585,#3592),.PCURVE_S1.);
#3580 = CIRCLE('',#3581,7.);
#3581 = AXIS2_PLACEMENT_3D('',#3582,#3583,#3584);
#3582 = CARTESIAN_POINT('',(-60.,45.,60.));
#3583 = DIRECTION('',(0.,0.,1.));
#3584 = DIRECTION('',(1.,0.,0.));
#3585 = PCURVE('',#3531,#3586);
#3586 = DEFINITIONAL_REPRESENTATION('',(#3587),#3591);
#3587 = LINE('',#3588,#3589);
#3588 = CARTESIAN_POINT('',(-0.,0.));
#3589 = VECTOR('',#3590,1.);
#3590 = DIRECTION('',(-1.,0.));
#3591 = ( GEOMETRIC_REPRESENTATION_CONTEXT(2) 
PARAMETRIC_REPRESENTATION_CONTEXT() REPRESENTATION_CONTEXT('2D SPACE',''
  ) );
#3592 = PCURVE('',#3593,#3598);
#3593 = PLANE('',#3594);
#3594 = AXIS2_PLACEMENT_3D('',#3595,#3596,#3597);
#3595 = CARTESIAN_POINT('',(-60.,45.,60.));
#3596 = DIRECTION('',(0.,0.,1.));
#3597 = DIRECTION('',(1.,0.,-0.));
#3598 = DEFINITIONAL_REPRESENTATION('',(#3599),#3603);
#3599 = CIRCLE('',#3600,7.);
#3600 = AXIS2_PLACEMENT_2D('',#3601,#3602);
#3601 = CARTESIAN_POINT('',(0.,0.));
#3602 = DIRECTION('',(1.,0.));
#3603 = ( GEOMETRIC_REPRESENTATION_CONTEXT(2) 
PARAMETRIC_REPRESENTATION_CONTEXT() REPRESENTATION_CONTEXT('2D SPACE',''
  ) );
#3604 = ADVANCED_FACE('',(#3605),#3593,.F.);
#3605 = FACE_BOUND('',#3606,.F.);
#3606 = EDGE_LOOP('',(#3607));
#3607 = ORIENTED_EDGE('',*,*,#3578,.T.);
#3608 = ADVANCED_FACE('',(#3609),#3565,.T.);
#3609 = FACE_BOUND('',#3610,.T.);
#3610 = EDGE_LOOP('',(#3611));
#3611 = ORIENTED_EDGE('',*,*,#3550,.T.);
#3612 = ( GEOMETRIC_REPRESENTATION_CONTEXT(3) 
GLOBAL_UNCERTAINTY_ASSIGNED_CONTEXT((#3616)) 
GLOBAL_UNIT_ASSIGNED_CONTEXT((#3613,#3614,#3615)) REPRESENTATION_CONTEXT
('Context #1','3D Context with UNIT and UNCERTAINTY') );
#3613 = ( LENGTH_UNIT() NAMED_UNIT(*) SI_UNIT(.MILLI.,.METRE.) );
#3614 = ( NAMED_UNIT(*) PLANE_ANGLE_UNIT() SI_UNIT($,.RADIAN.) );
#3615 = ( NAMED_UNIT(*) SI_UNIT($,.STERADIAN.) SOLID_ANGLE_UNIT() );
#3616 = UNCERTAINTY_MEASURE_WITH_UNIT(LENGTH_MEASURE(1.E-07),#3613,
  'distance_accuracy_value','confusion accuracy');
#3617 = CONTEXT_DEPENDENT_SHAPE_REPRESENTATION(#3618,#3620);
#3618 = ( REPRESENTATION_RELATIONSHIP('','',#3513,#10) 
REPRESENTATION_RELATIONSHIP_WITH_TRANSFORMATION(#3619) 
SHAPE_REPRESENTATION_RELATIONSHIP() );
#3619 = ITEM_DEFINED_TRANSFORMATION('','',#11,#19);
#3620 = PRODUCT_DEFINITION_SHAPE('Placement','Placement of an item',
  #3621);
#3621 = NEXT_ASSEMBLY_USAGE_OCCURRENCE('2','','',#5,#3508,$);
#3622 = PRODUCT_RELATED_PRODUCT_CATEGORY('part',$,(#3510));
#3623 = SHAPE_DEFINITION_REPRESENTATION(#3624,#3630);
#3624 = PRODUCT_DEFINITION_SHAPE('','',#3625);
#3625 = PRODUCT_DEFINITION('design','',#3626,#3629);
#3626 = PRODUCT_DEFINITION_FORMATION('','',#3627);
#3627 = PRODUCT('Open CASCADE STEP translator 7.9 1.3',
  'Open CASCADE STEP translator 7.9 1.3','',(#3628));
#3628 = PRODUCT_CONTEXT('',#2,'mechanical');
#3629 = PRODUCT_DEFINITION_CONTEXT('part definition',#2,'design');
#3630 = ADVANCED_BREP_SHAPE_REPRESENTATION('',(#11,#3631),#3729);
#3631 = MANIFOLD_SOLID_BREP('',#3632);
#3632 = CLOSED_SHELL('',(#3633,#3721,#3725));
#3633 = ADVANCED_FACE('',(#3634),#3648,.T.);
#3634 = FACE_BOUND('',#3635,.F.);
#3635 = EDGE_LOOP('',(#3636,#3666,#3693,#3694));
#3636 = ORIENTED_EDGE('',*,*,#3637,.T.);
#3637 = EDGE_CURVE('',#3638,#3640,#3642,.T.);
#3638 = VERTEX_POINT('',#3639);
#3639 = CARTESIAN_POINT('',(-53.,-45.,60.));
#3640 = VERTEX_POINT('',#3641);
#3641 = CARTESIAN_POINT('',(-53.,-45.,69.));
#3642 = SEAM_CURVE('',#3643,(#3647,#3659),.PCURVE_S1.);
#3643 = LINE('',#3644,#3645);
#3644 = CARTESIAN_POINT('',(-53.,-45.,60.));
#3645 = VECTOR('',#3646,1.);
#3646 = DIRECTION('',(0.,0.,1.));
#3647 = PCURVE('',#3648,#3653);
#3648 = CYLINDRICAL_SURFACE('',#3649,7.);
#3649 = AXIS2_PLACEMENT_3D('',#3650,#3651,#3652);
#3650 = CARTESIAN_POINT('',(-60.,-45.,60.));
#3651 = DIRECTION('',(-0.,-0.,-1.));
#3652 = DIRECTION('',(1.,0.,0.));
#3653 = DEFINITIONAL_REPRESENTATION('',(#3654),#3658);
#3654 = LINE('',#3655,#3656);
#3655 = CARTESIAN_POINT('',(-0.,0.));
#3656 = VECTOR('',#3657,1.);
#3657 = DIRECTION('',(-0.,-1.));
#3658 = ( GEOMETRIC_REPRESENTATION_CONTEXT(2) 
PARAMETRIC_REPRESENTATION_CONTEXT() REPRESENTATION_CONTEXT('2D SPACE',''
  ) );
#3659 = PCURVE('',#3648,#3660);
#3660 = DEFINITIONAL_REPRESENTATION('',(#3661),#3665);
#3661 = LINE('',#3662,#3663);
#3662 = CARTESIAN_POINT('',(-6.28318530718,0.));
#3663 = VECTOR('',#3664,1.);
#3664 = DIRECTION('',(-0.,-1.));
#3665 = ( GEOMETRIC_REPRESENTATION_CONTEXT(2) 
PARAMETRIC_REPRESENTATION_CONTEXT() REPRESENTATION_CONTEXT('2D SPACE',''
  ) );
#3666 = ORIENTED_EDGE('',*,*,#3667,.T.);
#3667 = EDGE_CURVE('',#3640,#3640,#3668,.T.);
#3668 = SURFACE_CURVE('',#3669,(#3674,#3681),.PCURVE_S1.);
#3669 = CIRCLE('',#3670,7.);
#3670 = AXIS2_PLACEMENT_3D('',#3671,#3672,#3673);
#3671 = CARTESIAN_POINT('',(-60.,-45.,69.));
#3672 = DIRECTION('',(0.,0.,1.));
#3673 = DIRECTION('',(1.,0.,0.));
#3674 = PCURVE('',#3648,#3675);
#3675 = DEFINITIONAL_REPRESENTATION('',(#3676),#3680);
#3676 = LINE('',#3677,#3678);
#3677 = CARTESIAN_POINT('',(-0.,-9.));
#3678 = VECTOR('',#3679,1.);
#3679 = DIRECTION('',(-1.,0.));
#3680 = ( GEOMETRIC_REPRESENTATION_CONTEXT(2) 
PARAMETRIC_REPRESENTATION_CONTEXT() REPRESENTATION_CONTEXT('2D SPACE',''
  ) );
#3681 = PCURVE('',#3682,#3687);
#3682 = PLANE('',#3683);
#3683 = AXIS2_PLACEMENT_3D('',#3684,#3685,#3686);
#3684 = CARTESIAN_POINT('',(-60.,45.,69.));
#3685 = DIRECTION('',(0.,0.,1.));
#3686 = DIRECTION('',(1.,0.,-0.));
#3687 = DEFINITIONAL_REPRESENTATION('',(#3688),#3692);
#3688 = CIRCLE('',#3689,7.);
#3689 = AXIS2_PLACEMENT_2D('',#3690,#3691);
#3690 = CARTESIAN_POINT('',(0.,-90.));
#3691 = DIRECTION('',(1.,0.));
#3692 = ( GEOMETRIC_REPRESENTATION_CONTEXT(2) 
PARAMETRIC_REPRESENTATION_CONTEXT() REPRESENTATION_CONTEXT('2D SPACE',''
  ) );
#3693 = ORIENTED_EDGE('',*,*,#3637,.F.);
#3694 = ORIENTED_EDGE('',*,*,#3695,.F.);
#3695 = EDGE_CURVE('',#3638,#3638,#3696,.T.);
#3696 = SURFACE_CURVE('',#3697,(#3702,#3709),.PCURVE_S1.);
#3697 = CIRCLE('',#3698,7.);
#3698 = AXIS2_PLACEMENT_3D('',#3699,#3700,#3701);
#3699 = CARTESIAN_POINT('',(-60.,-45.,60.));
#3700 = DIRECTION('',(0.,0.,1.));
#3701 = DIRECTION('',(1.,0.,0.));
#3702 = PCURVE('',#3648,#3703);
#3703 = DEFINITIONAL_REPRESENTATION('',(#3704),#3708);
#3704 = LINE('',#3705,#3706);
#3705 = CARTESIAN_POINT('',(-0.,0.));
#3706 = VECTOR('',#3707,1.);
#3707 = DIRECTION('',(-1.,0.));
#3708 = ( GEOMETRIC_REPRESENTATION_CONTEXT(2) 
PARAMETRIC_REPRESENTATION_CONTEXT() REPRESENTATION_CONTEXT('2D SPACE',''
  ) );
#3709 = PCURVE('',#3710,#3715);
#3710 = PLANE('',#3711);
#3711 = AXIS2_PLACEMENT_3D('',#3712,#3713,#3714);
#3712 = CARTESIAN_POINT('',(-60.,45.,60.));
#3713 = DIRECTION('',(0.,0.,1.));
#3714 = DIRECTION('',(1.,0.,-0.));
#3715 = DEFINITIONAL_REPRESENTATION('',(#3716),#3720);
#3716 = CIRCLE('',#3717,7.);
#3717 = AXIS2_PLACEMENT_2D('',#3718,#3719);
#3718 = CARTESIAN_POINT('',(0.,-90.));
#3719 = DIRECTION('',(1.,0.));
#3720 = ( GEOMETRIC_REPRESENTATION_CONTEXT(2) 
PARAMETRIC_REPRESENTATION_CONTEXT() REPRESENTATION_CONTEXT('2D SPACE',''
  ) );
#3721 = ADVANCED_FACE('',(#3722),#3710,.F.);
#3722 = FACE_BOUND('',#3723,.F.);
#3723 = EDGE_LOOP('',(#3724));
#3724 = ORIENTED_EDGE('',*,*,#3695,.T.);
#3725 = ADVANCED_FACE('',(#3726),#3682,.T.);
#3726 = FACE_BOUND('',#3727,.T.);
#3727 = EDGE_LOOP('',(#3728));
#3728 = ORIENTED_EDGE('',*,*,#3667,.T.);
#3729 = ( GEOMETRIC_REPRESENTATION_CONTEXT(3) 
GLOBAL_UNCERTAINTY_ASSIGNED_CONTEXT((#3733)) 
GLOBAL_UNIT_ASSIGNED_CONTEXT((#3730,#3731,#3732)) REPRESENTATION_CONTEXT
('Context #1','3D Context with UNIT and UNCERTAINTY') );
#3730 = ( LENGTH_UNIT() NAMED_UNIT(*) SI_UNIT(.MILLI.,.METRE.) );
#3731 = ( NAMED_UNIT(*) PLANE_ANGLE_UNIT() SI_UNIT($,.RADIAN.) );
#3732 = ( NAMED_UNIT(*) SI_UNIT($,.STERADIAN.) SOLID_ANGLE_UNIT() );
#3733 = UNCERTAINTY_MEASURE_WITH_UNIT(LENGTH_MEASURE(1.E-07),#3730,
  'distance_accuracy_value','confusion accuracy');
#3734 = CONTEXT_DEPENDENT_SHAPE_REPRESENTATION(#3735,#3737);
#3735 = ( REPRESENTATION_RELATIONSHIP('','',#3630,#10) 
REPRESENTATION_RELATIONSHIP_WITH_TRANSFORMATION(#3736) 
SHAPE_REPRESENTATION_RELATIONSHIP() );
#3736 = ITEM_DEFINED_TRANSFORMATION('','',#11,#23);
#3737 = PRODUCT_DEFINITION_SHAPE('Placement','Placement of an item',
  #3738);
#3738 = NEXT_ASSEMBLY_USAGE_OCCURRENCE('3','','',#5,#3625,$);
#3739 = PRODUCT_RELATED_PRODUCT_CATEGORY('part',$,(#3627));
#3740 = SHAPE_DEFINITION_REPRESENTATION(#3741,#3747);
#3741 = PRODUCT_DEFINITION_SHAPE('','',#3742);
#3742 = PRODUCT_DEFINITION('design','',#3743,#3746);
#3743 = PRODUCT_DEFINITION_FORMATION('','',#3744);
#3744 = PRODUCT('Open CASCADE STEP translator 7.9 1.4',
  'Open CASCADE STEP translator 7.9 1.4','',(#3745));
#3745 = PRODUCT_CONTEXT('',#2,'mechanical');
#3746 = PRODUCT_DEFINITION_CONTEXT('part definition',#2,'design');
#3747 = ADVANCED_BREP_SHAPE_REPRESENTATION('',(#11,#3748),#3846);
#3748 = MANIFOLD_SOLID_BREP('',#3749);
#3749 = CLOSED_SHELL('',(#3750,#3838,#3842));
#3750 = ADVANCED_FACE('',(#3751),#3765,.T.);
#3751 = FACE_BOUND('',#3752,.F.);
#3752 = EDGE_LOOP('',(#3753,#3783,#3810,#3811));
#3753 = ORIENTED_EDGE('',*,*,#3754,.T.);
#3754 = EDGE_CURVE('',#3755,#3757,#3759,.T.);
#3755 = VERTEX_POINT('',#3756);
#3756 = CARTESIAN_POINT('',(67.,45.,60.));
#3757 = VERTEX_POINT('',#3758);
#3758 = CARTESIAN_POINT('',(67.,45.,69.));
#3759 = SEAM_CURVE('',#3760,(#3764,#3776),.PCURVE_S1.);
#3760 = LINE('',#3761,#3762);
#3761 = CARTESIAN_POINT('',(67.,45.,60.));
#3762 = VECTOR('',#3763,1.);
#3763 = DIRECTION('',(0.,0.,1.));
#3764 = PCURVE('',#3765,#3770);
#3765 = CYLINDRICAL_SURFACE('',#3766,7.);
#3766 = AXIS2_PLACEMENT_3D('',#3767,#3768,#3769);
#3767 = CARTESIAN_POINT('',(60.,45.,60.));
#3768 = DIRECTION('',(-0.,-0.,-1.));
#3769 = DIRECTION('',(1.,0.,0.));
#3770 = DEFINITIONAL_REPRESENTATION('',(#3771),#3775);
#3771 = LINE('',#3772,#3773);
#3772 = CARTESIAN_POINT('',(-0.,0.));
#3773 = VECTOR('',#3774,1.);
#3774 = DIRECTION('',(-0.,-1.));
#3775 = ( GEOMETRIC_REPRESENTATION_CONTEXT(2) 
PARAMETRIC_REPRESENTATION_CONTEXT() REPRESENTATION_CONTEXT('2D SPACE',''
  ) );
#3776 = PCURVE('',#3765,#3777);
#3777 = DEFINITIONAL_REPRESENTATION('',(#3778),#3782);
#3778 = LINE('',#3779,#3780);
#3779 = CARTESIAN_POINT('',(-6.28318530718,0.));
#3780 = VECTOR('',#3781,1.);
#3781 = DIRECTION('',(-0.,-1.));
#3782 = ( GEOMETRIC_REPRESENTATION_CONTEXT(2) 
PARAMETRIC_REPRESENTATION_CONTEXT() REPRESENTATION_CONTEXT('2D SPACE',''
  ) );
#3783 = ORIENTED_EDGE('',*,*,#3784,.T.);
#3784 = EDGE_CURVE('',#3757,#3757,#3785,.T.);
#3785 = SURFACE_CURVE('',#3786,(#3791,#3798),.PCURVE_S1.);
#3786 = CIRCLE('',#3787,7.);
#3787 = AXIS2_PLACEMENT_3D('',#3788,#3789,#3790);
#3788 = CARTESIAN_POINT('',(60.,45.,69.));
#3789 = DIRECTION('',(0.,0.,1.));
#3790 = DIRECTION('',(1.,0.,0.));
#3791 = PCURVE('',#3765,#3792);
#3792 = DEFINITIONAL_REPRESENTATION('',(#3793),#3797);
#3793 = LINE('',#3794,#3795);
#3794 = CARTESIAN_POINT('',(-0.,-9.));
#3795 = VECTOR('',#3796,1.);
#3796 = DIRECTION('',(-1.,0.));
#3797 = ( GEOMETRIC_REPRESENTATION_CONTEXT(2) 
PARAMETRIC_REPRESENTATION_CONTEXT() REPRESENTATION_CONTEXT('2D SPACE',''
  ) );
#3798 = PCURVE('',#3799,#3804);
#3799 = PLANE('',#3800);
#3800 = AXIS2_PLACEMENT_3D('',#3801,#3802,#3803);
#3801 = CARTESIAN_POINT('',(-60.,45.,69.));
#3802 = DIRECTION('',(0.,0.,1.));
#3803 = DIRECTION('',(1.,0.,-0.));
#3804 = DEFINITIONAL_REPRESENTATION('',(#3805),#3809);
#3805 = CIRCLE('',#3806,7.);
#3806 = AXIS2_PLACEMENT_2D('',#3807,#3808);
#3807 = CARTESIAN_POINT('',(120.,0.));
#3808 = DIRECTION('',(1.,0.));
#3809 = ( GEOMETRIC_REPRESENTATION_CONTEXT(2) 
PARAMETRIC_REPRESENTATION_CONTEXT() REPRESENTATION_CONTEXT('2D SPACE',''
  ) );
#3810 = ORIENTED_EDGE('',*,*,#3754,.F.);
#3811 = ORIENTED_EDGE('',*,*,#3812,.F.);
#3812 = EDGE_CURVE('',#3755,#3755,#3813,.T.);
#3813 = SURFACE_CURVE('',#3814,(#3819,#3826),.PCURVE_S1.);
#3814 = CIRCLE('',#3815,7.);
#3815 = AXIS2_PLACEMENT_3D('',#3816,#3817,#3818);
#3816 = CARTESIAN_POINT('',(60.,45.,60.));
#3817 = DIRECTION('',(0.,0.,1.));
#3818 = DIRECTION('',(1.,0.,0.));
#3819 = PCURVE('',#3765,#3820);
#3820 = DEFINITIONAL_REPRESENTATION('',(#3821),#3825);
#3821 = LINE('',#3822,#3823);
#3822 = CARTESIAN_POINT('',(-0.,0.));
#3823 = VECTOR('',#3824,1.);
#3824 = DIRECTION('',(-1.,0.));
#3825 = ( GEOMETRIC_REPRESENTATION_CONTEXT(2) 
PARAMETRIC_REPRESENTATION_CONTEXT() REPRESENTATION_CONTEXT('2D SPACE',''
  ) );
#3826 = PCURVE('',#3827,#3832);
#3827 = PLANE('',#3828);
#3828 = AXIS2_PLACEMENT_3D('',#3829,#3830,#3831);
#3829 = CARTESIAN_POINT('',(-60.,45.,60.));
#3830 = DIRECTION('',(0.,0.,1.));
#3831 = DIRECTION('',(1.,0.,-0.));
#3832 = DEFINITIONAL_REPRESENTATION('',(#3833),#3837);
#3833 = CIRCLE('',#3834,7.);
#3834 = AXIS2_PLACEMENT_2D('',#3835,#3836);
#3835 = CARTESIAN_POINT('',(120.,0.));
#3836 = DIRECTION('',(1.,0.));
#3837 = ( GEOMETRIC_REPRESENTATION_CONTEXT(2) 
PARAMETRIC_REPRESENTATION_CONTEXT() REPRESENTATION_CONTEXT('2D SPACE',''
  ) );
#3838 = ADVANCED_FACE('',(#3839),#3827,.F.);
#3839 = FACE_BOUND('',#3840,.F.);
#3840 = EDGE_LOOP('',(#3841));
#3841 = ORIENTED_EDGE('',*,*,#3812,.T.);
#3842 = ADVANCED_FACE('',(#3843),#3799,.T.);
#3843 = FACE_BOUND('',#3844,.T.);
#3844 = EDGE_LOOP('',(#3845));
#3845 = ORIENTED_EDGE('',*,*,#3784,.T.);
#3846 = ( GEOMETRIC_REPRESENTATION_CONTEXT(3) 
GLOBAL_UNCERTAINTY_ASSIGNED_CONTEXT((#3850)) 
GLOBAL_UNIT_ASSIGNED_CONTEXT((#3847,#3848,#3849)) REPRESENTATION_CONTEXT
('Context #1','3D Context with UNIT and UNCERTAINTY') );
#3847 = ( LENGTH_UNIT() NAMED_UNIT(*) SI_UNIT(.MILLI.,.METRE.) );
#3848 = ( NAMED_UNIT(*) PLANE_ANGLE_UNIT() SI_UNIT($,.RADIAN.) );
#3849 = ( NAMED_UNIT(*) SI_UNIT($,.STERADIAN.) SOLID_ANGLE_UNIT() );
#3850 = UNCERTAINTY_MEASURE_WITH_UNIT(LENGTH_MEASURE(1.E-07),#3847,
  'distance_accuracy_value','confusion accuracy');
#3851 = CONTEXT_DEPENDENT_SHAPE_REPRESENTATION(#3852,#3854);
#3852 = ( REPRESENTATION_RELATIONSHIP('','',#3747,#10) 
REPRESENTATION_RELATIONSHIP_WITH_TRANSFORMATION(#3853) 
SHAPE_REPRESENTATION_RELATIONSHIP() );
#3853 = ITEM_DEFINED_TRANSFORMATION('','',#11,#27);
#3854 = PRODUCT_DEFINITION_SHAPE('Placement','Placement of an item',
  #3855);
#3855 = NEXT_ASSEMBLY_USAGE_OCCURRENCE('4','','',#5,#3742,$);
#3856 = PRODUCT_RELATED_PRODUCT_CATEGORY('part',$,(#3744));
#3857 = SHAPE_DEFINITION_REPRESENTATION(#3858,#3864);
#3858 = PRODUCT_DEFINITION_SHAPE('','',#3859);
#3859 = PRODUCT_DEFINITION('design','',#3860,#3863);
#3860 = PRODUCT_DEFINITION_FORMATION('','',#3861);
#3861 = PRODUCT('Open CASCADE STEP translator 7.9 1.5',
  'Open CASCADE STEP translator 7.9 1.5','',(#3862));
#3862 = PRODUCT_CONTEXT('',#2,'mechanical');
#3863 = PRODUCT_DEFINITION_CONTEXT('part definition',#2,'design');
#3864 = ADVANCED_BREP_SHAPE_REPRESENTATION('',(#11,#3865),#3963);
#3865 = MANIFOLD_SOLID_BREP('',#3866);
#3866 = CLOSED_SHELL('',(#3867,#3955,#3959));
#3867 = ADVANCED_FACE('',(#3868),#3882,.T.);
#3868 = FACE_BOUND('',#3869,.F.);
#3869 = EDGE_LOOP('',(#3870,#3900,#3927,#3928));
#3870 = ORIENTED_EDGE('',*,*,#3871,.T.);
#3871 = EDGE_CURVE('',#3872,#3874,#3876,.T.);
#3872 = VERTEX_POINT('',#3873);
#3873 = CARTESIAN_POINT('',(67.,-45.,60.));
#3874 = VERTEX_POINT('',#3875);
#3875 = CARTESIAN_POINT('',(67.,-45.,69.));
#3876 = SEAM_CURVE('',#3877,(#3881,#3893),.PCURVE_S1.);
#3877 = LINE('',#3878,#3879);
#3878 = CARTESIAN_POINT('',(67.,-45.,60.));
#3879 = VECTOR('',#3880,1.);
#3880 = DIRECTION('',(0.,0.,1.));
#3881 = PCURVE('',#3882,#3887);
#3882 = CYLINDRICAL_SURFACE('',#3883,7.);
#3883 = AXIS2_PLACEMENT_3D('',#3884,#3885,#3886);
#3884 = CARTESIAN_POINT('',(60.,-45.,60.));
#3885 = DIRECTION('',(-0.,-0.,-1.));
#3886 = DIRECTION('',(1.,0.,0.));
#3887 = DEFINITIONAL_REPRESENTATION('',(#3888),#3892);
#3888 = LINE('',#3889,#3890);
#3889 = CARTESIAN_POINT('',(-0.,0.));
#3890 = VECTOR('',#3891,1.);
#3891 = DIRECTION('',(-0.,-1.));
#3892 = ( GEOMETRIC_REPRESENTATION_CONTEXT(2) 
PARAMETRIC_REPRESENTATION_CONTEXT() REPRESENTATION_CONTEXT('2D SPACE',''
  ) );
#3893 = PCURVE('',#3882,#3894);
#3894 = DEFINITIONAL_REPRESENTATION('',(#3895),#3899);
#3895 = LINE('',#3896,#3897);
#3896 = CARTESIAN_POINT('',(-6.28318530718,0.));
#3897 = VECTOR('',#3898,1.);
#3898 = DIRECTION('',(-0.,-1.));
#3899 = ( GEOMETRIC_REPRESENTATION_CONTEXT(2) 
PARAMETRIC_REPRESENTATION_CONTEXT() REPRESENTATION_CONTEXT('2D SPACE',''
  ) );
#3900 = ORIENTED_EDGE('',*,*,#3901,.T.);
#3901 = EDGE_CURVE('',#3874,#3874,#3902,.T.);
#3902 = SURFACE_CURVE('',#3903,(#3908,#3915),.PCURVE_S1.);
#3903 = CIRCLE('',#3904,7.);
#3904 = AXIS2_PLACEMENT_3D('',#3905,#3906,#3907);
#3905 = CARTESIAN_POINT('',(60.,-45.,69.));
#3906 = DIRECTION('',(0.,0.,1.));
#3907 = DIRECTION('',(1.,0.,0.));
#3908 = PCURVE('',#3882,#3909);
#3909 = DEFINITIONAL_REPRESENTATION('',(#3910),#3914);
#3910 = LINE('',#3911,#3912);
#3911 = CARTESIAN_POINT('',(-0.,-9.));
#3912 = VECTOR('',#3913,1.);
#3913 = DIRECTION('',(-1.,0.));
#3914 = ( GEOMETRIC_REPRESENTATION_CONTEXT(2) 
PARAMETRIC_REPRESENTATION_CONTEXT() REPRESENTATION_CONTEXT('2D SPACE',''
  ) );
#3915 = PCURVE('',#3916,#3921);
#3916 = PLANE('',#3917);
#3917 = AXIS2_PLACEMENT_3D('',#3918,#3919,#3920);
#3918 = CARTESIAN_POINT('',(-60.,45.,69.));
#3919 = DIRECTION('',(0.,0.,1.));
#3920 = DIRECTION('',(1.,0.,-0.));
#3921 = DEFINITIONAL_REPRESENTATION('',(#3922),#3926);
#3922 = CIRCLE('',#3923,7.);
#3923 = AXIS2_PLACEMENT_2D('',#3924,#3925);
#3924 = CARTESIAN_POINT('',(120.,-90.));
#3925 = DIRECTION('',(1.,0.));
#3926 = ( GEOMETRIC_REPRESENTATION_CONTEXT(2) 
PARAMETRIC_REPRESENTATION_CONTEXT() REPRESENTATION_CONTEXT('2D SPACE',''
  ) );
#3927 = ORIENTED_EDGE('',*,*,#3871,.F.);
#3928 = ORIENTED_EDGE('',*,*,#3929,.F.);
#3929 = EDGE_CURVE('',#3872,#3872,#3930,.T.);
#3930 = SURFACE_CURVE('',#3931,(#3936,#3943),.PCURVE_S1.);
#3931 = CIRCLE('',#3932,7.);
#3932 = AXIS2_PLACEMENT_3D('',#3933,#3934,#3935);
#3933 = CARTESIAN_POINT('',(60.,-45.,60.));
#3934 = DIRECTION('',(0.,0.,1.));
#3935 = DIRECTION('',(1.,0.,0.));
#3936 = PCURVE('',#3882,#3937);
#3937 = DEFINITIONAL_REPRESENTATION('',(#3938),#3942);
#3938 = LINE('',#3939,#3940);
#3939 = CARTESIAN_POINT('',(-0.,0.));
#3940 = VECTOR('',#3941,1.);
#3941 = DIRECTION('',(-1.,0.));
#3942 = ( GEOMETRIC_REPRESENTATION_CONTEXT(2) 
PARAMETRIC_REPRESENTATION_CONTEXT() REPRESENTATION_CONTEXT('2D SPACE',''
  ) );
#3943 = PCURVE('',#3944,#3949);
#3944 = PLANE('',#3945);
#3945 = AXIS2_PLACEMENT_3D('',#3946,#3947,#3948);
#3946 = CARTESIAN_POINT('',(-60.,45.,60.));
#3947 = DIRECTION('',(0.,0.,1.));
#3948 = DIRECTION('',(1.,0.,-0.));
#3949 = DEFINITIONAL_REPRESENTATION('',(#3950),#3954);
#3950 = CIRCLE('',#3951,7.);
#3951 = AXIS2_PLACEMENT_2D('',#3952,#3953);
#3952 = CARTESIAN_POINT('',(120.,-90.));
#3953 = DIRECTION('',(1.,0.));
#3954 = ( GEOMETRIC_REPRESENTATION_CONTEXT(2) 
PARAMETRIC_REPRESENTATION_CONTEXT() REPRESENTATION_CONTEXT('2D SPACE',''
  ) );
#3955 = ADVANCED_FACE('',(#3956),#3944,.F.);
#3956 = FACE_BOUND('',#3957,.F.);
#3957 = EDGE_LOOP('',(#3958));
#3958 = ORIENTED_EDGE('',*,*,#3929,.T.);
#3959 = ADVANCED_FACE('',(#3960),#3916,.T.);
#3960 = FACE_BOUND('',#3961,.T.);
#3961 = EDGE_LOOP('',(#3962));
#3962 = ORIENTED_EDGE('',*,*,#3901,.T.);
#3963 = ( GEOMETRIC_REPRESENTATION_CONTEXT(3) 
GLOBAL_UNCERTAINTY_ASSIGNED_CONTEXT((#3967)) 
GLOBAL_UNIT_ASSIGNED_CONTEXT((#3964,#3965,#3966)) REPRESENTATION_CONTEXT
('Context #1','3D Context with UNIT and UNCERTAINTY') );
#3964 = ( LENGTH_UNIT() NAMED_UNIT(*) SI_UNIT(.MILLI.,.METRE.) );
#3965 = ( NAMED_UNIT(*) PLANE_ANGLE_UNIT() SI_UNIT($,.RADIAN.) );
#3966 = ( NAMED_UNIT(*) SI_UNIT($,.STERADIAN.) SOLID_ANGLE_UNIT() );
#3967 = UNCERTAINTY_MEASURE_WITH_UNIT(LENGTH_MEASURE(1.E-07),#3964,
  'distance_accuracy_value','confusion accuracy');
#3968 = CONTEXT_DEPENDENT_SHAPE_REPRESENTATION(#3969,#3971);
#3969 = ( REPRESENTATION_RELATIONSHIP('','',#3864,#10) 
REPRESENTATION_RELATIONSHIP_WITH_TRANSFORMATION(#3970) 
SHAPE_REPRESENTATION_RELATIONSHIP() );
#3970 = ITEM_DEFINED_TRANSFORMATION('','',#11,#31);
#3971 = PRODUCT_DEFINITION_SHAPE('Placement','Placement of an item',
  #3972);
#3972 = NEXT_ASSEMBLY_USAGE_OCCURRENCE('5','','',#5,#3859,$);
#3973 = PRODUCT_RELATED_PRODUCT_CATEGORY('part',$,(#3861));
ENDSEC;
END-ISO-10303-21;
